Name,Origin Notes,References,where to find,Size,Note,Appeared in years,Child collections,link works?,In repo?,Graph features in papers,graph features handled,Related to Literature - Algorithm (Dataset tag relations) 1,is it stored properly?,Type of Collection,must be analyzed,Reviewed,format,Number of Files,Related to Literature plaintext,cleaned format?,duplicate?,Origin paper plaintext,Page id,Related to Literature DOIs,Related to Literature - Algorithm (1) (Dataset tag relations),Related to Literature DOIs plaintext,Added in paper,unavailable/skip
Rome-Lib,"From Di Battista’s paper (”An experimental comparison of four graph drawing algorithms”), collected by authors. Mostly “real” networks (software companies/government/software engineering books/database design/journal articles on visualization).
Originally sent as an extended abstract to Computational Geometry in 1995 — the same description was published as a full paper 2 years later.
graphdrawing.org mentions: “Test suites of directed and undirected graphs from the http://www.dia.uniroma3.it/~gdt/ homepage (also known as the Rome Graphs)”","https://www.notion.so/An-experimental-comparison-of-four-graph-drawing-algorithms-4ef2a9eb95d6462fa997a16dc6ed2c2f, https://www.notion.so/An-experimental-comparison-of-three-graph-drawing-algorithms-extended-abstract-85bcd0ec675440fab9ba0c4f187b9e02",http://www.graphdrawing.org/data.html,"11389 graphs, 10 to 100 nodes, 9 to 158 edges","not layered, but often used in layered cases",12,https://www.notion.so/pert-DAG-96b0f23e2c66409c928697e247c77d7c,Yes,Yes,11,Generic,"https://www.notion.so/A-branch-and-cut-approach-to-the-crossing-number-problem-624ac4312cf941d2be7d815abe24b5b1, https://www.notion.so/Layer-Free-Upward-Crossing-Minimization-676f8a507ff343b5ae83c34446796fb5, https://www.notion.so/Experiments-on-Exact-Crossing-Minimization-Using-Column-Generation-8eba57a3647f4f22960d2d0f794c3cbf, https://www.notion.so/Stratisfimal-Layout-A-modular-optimization-model-for-laying-out-layered-node-link-network-visualiza-ad2a312108774bad92f36064f5fd59ed, https://www.notion.so/Aesthetic-Discrimination-of-Graph-Layouts-25f75d8fd4b44bd99006e2316d28f6cd, https://www.notion.so/A-New-Approach-to-Exact-Crossing-Minimization-2545ef78b5004999bf3804868ae42b57, https://www.notion.so/Improved-circular-layouts-28b32d84950043d6863d591c7958a289, https://www.notion.so/Deep-Neural-Network-for-DrawiNg-Networks-DNN-2-03d3da58c4f745d2a68f17a4f8a03d74, https://www.notion.so/An-Experimental-Study-of-Crossing-Minimization-Heuristics-2dcd254fe4054544b4b04ed8aefdf862, https://www.notion.so/An-experimental-comparison-of-four-graph-drawing-algorithms-4e117b9ce73d431ab1d9a29414ffff3a, https://www.notion.so/A-Note-on-the-Practicality-of-Maximal-Planar-Subgraph-Algorithms-3b027747aec54f60a35f138958faff21, https://www.notion.so/Experimental-Analysis-of-the-Accessibility-of-Drawings-with-Few-Segments-fa75403823b64e53aa237f1a840f7749, https://www.notion.so/An-Interactive-Tool-to-Explore-and-Improve-the-Ply-Number-of-Drawings-b8be8d1a88824561bc30d154b8a4603e, https://www.notion.so/A-Greedy-Heuristic-for-Crossing-Angle-Maximization-2261d227fc2c49b294182a9d923ed4ce, https://www.notion.so/A-Heuristic-Approach-Towards-Drawings-of-Graphs-with-High-Crossing-Resolution-9f9855a1d44149ecba17ecc622b576f2, https://www.notion.so/An-Integer-Linear-Program-for-Bend-Minimization-in-Ortho-Radial-Drawings-03dc379afbc7449594201f5dbf23e048, https://www.notion.so/Star-Struck-by-Fixed-Embeddings-Modern-Crossing-Number-Heuristics-f31c2a6c7b8d4683a1820d8101f89448, https://www.notion.so/An-effective-crossing-minimisation-heuristic-based-on-star-insertion-5fde465c129249599b79396bf3d3ae04, https://www.notion.so/Advances-in-the-Planarization-Method-Effective-Multiple-Edge-Insertions-884c2bc419eb4197be261c1f1b3898ce, https://www.notion.so/An-ILP-based-Proof-System-for-the-Crossing-Number-Problem-e172212e85b74e12bcf2d0320d2b1eb6",No,Small Collection (Do report),Yes,,GraphML,11534,"A branch-and-cut approach to the crossing number problem, Layer-Free Upward Crossing Minimization, Experiments on Exact Crossing Minimization Using Column Generation, Stratisfimal Layout: A modular optimization model for laying out layered node-link network visualizations, Aesthetic Discrimination of Graph Layouts, A New Approach to Exact Crossing
Minimization, Improved circular layouts, Deep Neural Network for DrawiNg
Networks (DNN)^2, An Experimental Study of Crossing
Minimization Heuristics, An experimental comparison of four graph drawing algorithms, A Note on the Practicality of Maximal Planar Subgraph Algorithms, Experimental Analysis of the Accessibility of Drawings with Few Segments, An Interactive Tool to Explore and Improve the Ply Number of Drawings, A Greedy Heuristic for Crossing-Angle Maximization, A Heuristic Approach Towards Drawings of Graphs with High Crossing Resolution, An Integer-Linear Program
for Bend-Minimization in Ortho-Radial
Drawings, Star-Struck by Fixed Embeddings:
Modern Crossing Number Heuristics, An effective crossing minimisation heuristic based on star insertion, Advances in the Planarization Method: Effective Multiple Edge Insertions, An ILP-based Proof System for the Crossing
Number Problem",Yes,No,"An experimental comparison of four graph drawing algorithms, An experimental comparison of three graph drawing algorithms (extended abstract)",c2f20984de724f4c89764b0bc494e99e,"https://doi.org/10.1016/j.disopt.2007.05.006,https://doi.org/10.1145/1671970.1671975,https://doi.org/10.1007/11764298_28"",https://doi.org/10.1109/TVCG.2021.3114756,https://doi.org/10.1007/978-3-030-04414-5_12,https://doi.org/10.1007/978-3-540-87744-8_24,https://doi.org/10.1007/978-3-540-70904-6_37,https://doi.org/10.1007/978-3-030-92931-2_27,https://doi.org/10.1007/978-3-540-24595-7_2,https://doi.org/10.1016/S0925-7721(96)00005-3,https://doi.org/10.1007/978-3-319-50106-2_28,https://doi.org/10.7155/jgaa.00474,https://doi.org/10.1007/978-3-319-73915-1_4,https://doi.org/10.1007/978-3-030-04414-5_20,https://doi.org/10.1007/978-3-030-04414-5_19,https://doi.org/10.1007/978-3-030-68766-3_19,https://doi.org/10.1007/978-3-030-92931-2_3,https://doi.org/10.7155/jgaa.00487,https://doi.org/10.1007/978-3-642-25878-7_10,https://doi.org/10.4230/LIPIcs.ESA.2016.29","https://www.notion.so/Experiments-on-Exact-Crossing-Minimization-Using-Column-Generation-1cd4f50b26dd44caa895d17fab86667a, https://www.notion.so/A-New-Approach-to-Exact-Crossing-Minimization-2bfd0ee19a944002b50f519492a0c33d, https://www.notion.so/Deep-Neural-Network-for-DrawiNg-Networks-DN-N-2-2c90c9d3d07e4b489840f77c364c60d3, https://www.notion.so/A-Greedy-Heuristic-for-Crossing-Angle-Maximization-3570c65b497c41e999463e9addefca2e, https://www.notion.so/An-Experimental-Study-of-Crossing-Minimization-Heuristics-421c870d311943faa795f2115d2ca17e, https://www.notion.so/Layer-Free-Upward-Crossing-Minimization-74e10beabfcd4c5c86314a0ccd287610, https://www.notion.so/Stratisfimal-Layout-A-modular-optimization-model-for-laying-out-layered-node-link-network-visualiza-77fd27b418d64ef6ab570cffd0ec4a24, https://www.notion.so/An-effective-crossing-minimisation-heuristic-based-on-star-insertion-888933e03a604489ada5360688abe597, https://www.notion.so/Improved-circular-layouts-8e3c81eb7f5e488b9a9dde434ad155cb, https://www.notion.so/An-Interactive-Tool-to-Explore-and-Improve-the-Ply-Number-of-Drawings-9141cfad08234c60a979ca207ada6a86, https://www.notion.so/Aesthetic-Discrimination-of-Graph-Layouts-98cc70abc7424e7895cf73e988563219, https://www.notion.so/A-branch-and-cut-approach-to-the-crossing-number-problem-9f6d0fc8bd22490eaa0419efd296f2fe, https://www.notion.so/An-ILP-based-Proof-System-for-the-Crossing-Number-Problem-b61271c4f96a4633aba0179af767a5e0, https://www.notion.so/An-experimental-comparison-of-four-graph-drawing-algorithms-b66a426dec90451ea5335ae1a7a25290, https://www.notion.so/A-Heuristic-Approach-Towards-Drawings-of-Graphs-with-High-Crossing-Resolution-bfbf57711103440a818c190d42fdb3c1, https://www.notion.so/Advances-in-the-Planarization-Method-Effective-Multiple-Edge-Insertions-c518ce875daa4fe7b003ad506eb9a347, https://www.notion.so/Experimental-Analysis-of-the-Accessibility-of-Drawings-with-Few-Segments-c6a50c32ec8a4fde9501b61f89625df8, https://www.notion.so/A-Note-on-the-Practicality-of-Maximal-Planar-Subgraph-Algorithms-cbca5aa1135a4ba29ea6e508f1c4d02b, https://www.notion.so/Star-Struck-by-Fixed-Embeddings-Modern-Crossing-Number-Heuristics-d8f0e972b962439d8b368e8a28a7046a, https://www.notion.so/An-Integer-Linear-Program-for-Bend-Minimization-in-Ortho-Radial-Drawings-dd7c606905064bd9931cf69e0c5fc828","https://doi.org/10.1016/j.disopt.2007.05.006,https://doi.org/10.1145/1671970.1671975,https://doi.org/10.1007/11764298_28"",https://doi.org/10.1109/TVCG.2021.3114756,https://doi.org/10.1007/978-3-030-04414-5_12,https://doi.org/10.1007/978-3-540-87744-8_24,https://doi.org/10.1007/978-3-540-70904-6_37,https://doi.org/10.1007/978-3-030-92931-2_27,https://doi.org/10.1007/978-3-540-24595-7_2,https://doi.org/10.1016/S0925-7721(96)00005-3,https://doi.org/10.1007/978-3-319-50106-2_28,https://doi.org/10.7155/jgaa.00474,https://doi.org/10.1007/978-3-319-73915-1_4,https://doi.org/10.1007/978-3-030-04414-5_20,https://doi.org/10.1007/978-3-030-04414-5_19,https://doi.org/10.1007/978-3-030-68766-3_19,https://doi.org/10.1007/978-3-030-92931-2_3,https://doi.org/10.7155/jgaa.00487,https://doi.org/10.1007/978-3-642-25878-7_10,https://doi.org/10.4230/LIPIcs.ESA.2016.29",No,No
AT&T,"Originally collected by Stephen North at AT&T Bell Labs. Original link from 1995 broken. ftp://ftp.research.att.com/dist/drawdag.
DiBattista et al. proceeded to remove isomorphic graphs, connecting disconnected graphs and remove cycles with heuristics. ",https://www.notion.so/Drawing-Directed-Acyclic-Graphs-An-Experimental-Study-7f730ceea4a744e08bf091e8c23e8a95,http://www.graphdrawing.org/data.html,"1277 graphs, 10 to 100 nodes",same as North DAG collection,8,https://www.notion.so/North-DAGs-a58f7143ef524c8a8c737df90162d3fb,Yes,Yes,8,"Acyclic, Directed Edges","https://www.notion.so/Drawing-Large-Graphs-with-a-Potential-Field-Based-Multilevel-Algorithm-3c0831d7e44545b0894bb5b8a4aa8f54, https://www.notion.so/An-Experimental-Comparison-of-Fast-Algorithms-for-Drawing-General-Large-Graphs-190e5036cf974a879b50614cfff525f1, https://www.notion.so/Drawing-Large-Graphs-with-a-Potential-Field-Based-Multilevel-Algorithm-485aab2f5af74c329b0305d4acf6c751, https://www.notion.so/Large-Graph-Layout-with-the-Fast-Multipole-Multilevel-Method-b88c56b7799741ccbbb9d4f05ea8df4b, https://www.notion.so/Compact-Layered-Drawings-of-General-Directed-Graphs-9591b47221954ff68fc0758e8e0a8dd8, https://www.notion.so/A-Flow-Formulation-for-Horizontal-Coordinate-Assignment-with-Prescribed-Width-5274be7cd9aa4d90815f8958773c6fa7, https://www.notion.so/A-Natural-Quadratic-Approach-to-the-Generalized-Graph-Layering-Problem-dcd688b1f87c44f28511297c3091f86e, https://www.notion.so/Advances-in-the-Planarization-Method-Effective-Multiple-Edge-Insertions-884c2bc419eb4197be261c1f1b3898ce, https://www.notion.so/Simple-and-Efficient-Bilayer-Cross-Counting-f879285ff264423cb974db4969614248, https://www.notion.so/Drawing-Directed-Acyclic-Graphs-An-Experimental-Study-1677531652194663b7fdf25025c61cc6, https://www.notion.so/Measuring-Symmetry-in-Drawings-of-Graphs-3aac09f89def4584a9cddd63aa0d7efc",No,Small Collection (Do report),Yes,,GraphML,1277,"Drawing Large Graphs with a Potential-Field-Based Multilevel Algorithm, An Experimental Comparison of Fast Algorithms for Drawing General Large Graphs, Drawing Large Graphs with a Potential-Field-Based Multilevel Algorithm, Large-Graph Layout with the Fast Multipole Multilevel Method, Compact Layered Drawings of General Directed Graphs, A Flow Formulation for Horizontal Coordinate Assignment with Prescribed Width, A Natural Quadratic Approach to the Generalized Graph Layering Problem, Advances in the Planarization Method: Effective Multiple Edge Insertions, Simple and Efficient Bilayer Cross Counting, Drawing Directed Acyclic Graphs: An Experimental Study, Measuring Symmetry in Drawings of Graphs",Yes,No,Drawing Directed Acyclic Graphs: An Experimental Study,e86f130c42344169a9d75a61abc7e487,"https://doi.org/10.1007/978-3-540-31843-9_29,https://doi.org/10.1007/11618058_22,https://doi.org/10.1007/978-3-540-31843-9_29,https://doi.org/10.1007/978-3-319-50106-2_17,https://doi.org/10.1007/978-3-030-04414-5_13,https://doi.org/10.1007/978-3-030-35802-0_40,https://doi.org/10.1007/978-3-642-25878-7_10,https://doi.org/10.1007/3-540-36151-0_13,https://doi.org/10.1142/S0218195900000358,https://doi.org/10.1111/cgf.13192","https://www.notion.so/Drawing-Large-Graphs-with-a-Potential-Field-Based-Multilevel-Algorithm-27a6b266bb2c4c92976ed04d2afe9bed, https://www.notion.so/Simple-and-Efficient-Bilayer-Cross-Counting-6f978d8b0ceb4a6eb7df52ed82999861, https://www.notion.so/Drawing-Large-Graphs-with-a-Potential-Field-Based-Multilevel-Algorithm-a4fe70c68ad64ed3849c47d95afc8798, https://www.notion.so/An-Experimental-Comparison-of-Fast-Algorithms-for-Drawing-General-Large-Graphs-bbb7bb7d51d84d109030dee3c06d895d, https://www.notion.so/A-Natural-Quadratic-Approach-to-the-Generalized-Graph-Layering-Problem-bc71a4b3349649668c28d843a3e69037, https://www.notion.so/Advances-in-the-Planarization-Method-Effective-Multiple-Edge-Insertions-c518ce875daa4fe7b003ad506eb9a347, https://www.notion.so/Large-Graph-Layout-with-the-Fast-Multipole-Multilevel-Method-def1fdc467f441abb94868eccd8a5a34, https://www.notion.so/A-Flow-Formulation-for-Horizontal-Coordinate-Assignment-with-Prescribed-Width-e1369233a80f4ae8a1ffbedd48c05be2, https://www.notion.so/Compact-Layered-Drawings-of-General-Directed-Graphs-f985ab75f9cb40d382f62f61eeff25c7","https://doi.org/10.1007/978-3-540-31843-9_29,https://doi.org/10.1007/11618058_22,https://doi.org/10.1007/978-3-540-31843-9_29,https://doi.org/10.1007/978-3-319-50106-2_17,https://doi.org/10.1007/978-3-030-04414-5_13,https://doi.org/10.1007/978-3-030-35802-0_40,https://doi.org/10.1007/978-3-642-25878-7_10,https://doi.org/10.1007/3-540-36151-0_13,https://doi.org/10.1142/S0218195900000358,https://doi.org/10.1111/cgf.13192",No,No
North DAGs,See AT&T,https://www.notion.so/Drawing-Directed-Acyclic-Graphs-An-Experimental-Study-7f730ceea4a744e08bf091e8c23e8a95,see AT&T,see AT&T,see AT&T,5,https://www.notion.so/AT-T-e86f130c42344169a9d75a61abc7e487,Yes,Yes,5,"Acyclic, Directed Edges","https://www.notion.so/Layer-Free-Upward-Crossing-Minimization-676f8a507ff343b5ae83c34446796fb5, https://www.notion.so/A-Note-on-the-Practicality-of-Maximal-Planar-Subgraph-Algorithms-3b027747aec54f60a35f138958faff21, https://www.notion.so/A-Generalization-of-the-Directed-Graph-Layering-Problem-64ff91b37bde4361a27ebf9f614b76ee, https://www.notion.so/A-Greedy-Heuristic-for-Crossing-Angle-Maximization-2261d227fc2c49b294182a9d923ed4ce, https://www.notion.so/Star-Struck-by-Fixed-Embeddings-Modern-Crossing-Number-Heuristics-f31c2a6c7b8d4683a1820d8101f89448, https://www.notion.so/An-ILP-based-Proof-System-for-the-Crossing-Number-Problem-e172212e85b74e12bcf2d0320d2b1eb6, https://www.notion.so/Drawing-Directed-Acyclic-Graphs-An-Experimental-Study-1677531652194663b7fdf25025c61cc6, https://www.notion.so/Placing-Arrows-in-Directed-Graph-Drawings-511531e30ad540549d938c1eba7ad3bf, https://www.notion.so/Aesthetic-Discrimination-of-Graph-Layouts-25f75d8fd4b44bd99006e2316d28f6cd",No,Small Collection (Do report),Yes,,,,"Layer-Free Upward Crossing Minimization, A Note on the Practicality of Maximal Planar Subgraph Algorithms, A Generalization of the Directed Graph Layering Problem, A Greedy Heuristic for Crossing-Angle Maximization, Star-Struck by Fixed Embeddings:
Modern Crossing Number Heuristics, An ILP-based Proof System for the Crossing
Number Problem, Drawing Directed Acyclic Graphs: An Experimental Study, Placing Arrows in Directed Graph Drawings, Aesthetic Discrimination of Graph Layouts",No,Yes,Drawing Directed Acyclic Graphs: An Experimental Study,a58f7143ef524c8a8c737df90162d3fb,"https://doi.org/10.1145/1671970.1671975,https://doi.org/10.1007/978-3-319-50106-2_28,https://doi.org/10.1007/978-3-319-50106-2_16,https://doi.org/10.1007/978-3-030-04414-5_20,https://doi.org/10.1007/978-3-030-92931-2_3,https://doi.org/10.4230/LIPIcs.ESA.2016.29,https://doi.org/10.1142/S0218195900000358,https://doi.org/10.1007/978-3-319-50106-2_4,https://doi.org/10.1007/978-3-030-04414-5_12","https://www.notion.so/Placing-Arrows-in-Directed-Graph-Drawings-19300526a30441ff919001bf591b6711, https://www.notion.so/A-Greedy-Heuristic-for-Crossing-Angle-Maximization-3570c65b497c41e999463e9addefca2e, https://www.notion.so/Layer-Free-Upward-Crossing-Minimization-74e10beabfcd4c5c86314a0ccd287610, https://www.notion.so/Aesthetic-Discrimination-of-Graph-Layouts-98cc70abc7424e7895cf73e988563219, https://www.notion.so/Drawing-Directed-Acyclic-Graphs-An-Experimental-Study-a1a382e468f74a14902ad4249f2eae6a, https://www.notion.so/An-ILP-based-Proof-System-for-the-Crossing-Number-Problem-b61271c4f96a4633aba0179af767a5e0, https://www.notion.so/A-Note-on-the-Practicality-of-Maximal-Planar-Subgraph-Algorithms-cbca5aa1135a4ba29ea6e508f1c4d02b, https://www.notion.so/Star-Struck-by-Fixed-Embeddings-Modern-Crossing-Number-Heuristics-d8f0e972b962439d8b368e8a28a7046a, https://www.notion.so/A-Generalization-of-the-Directed-Graph-Layering-Problem-dfe4f73388e84b199ad2ef1b5f3738fb","https://doi.org/10.1145/1671970.1671975,https://doi.org/10.1007/978-3-319-50106-2_28,https://doi.org/10.1007/978-3-319-50106-2_16,https://doi.org/10.1007/978-3-030-04414-5_20,https://doi.org/10.1007/978-3-030-92931-2_3,https://doi.org/10.4230/LIPIcs.ESA.2016.29,https://doi.org/10.1142/S0218195900000358,https://doi.org/10.1007/978-3-319-50106-2_4,https://doi.org/10.1007/978-3-030-04414-5_12",No,No
"Movie plots (Matrix, Inception, Star Wars)",Manually collected by Yuzuru Tanahashi,,was lost - on Sara’s laptop,"3 graphs ",This dataset was lost - it was initially collected by Yuzuru Tanahashi - recovered by Tarik from [? Lucas ],7,,No,Yes,6,"Dynamic, Layered graphs, clusters, many layers, temporal event sequence","https://www.notion.so/An-Efficient-Framework-for-Generating-Storyline-Visualizations-from-Streaming-Data-0a3f35ebac3f468cb9c3adee03f62a06, https://www.notion.so/StoryFlow-Tracking-the-Evolution-of-Stories-85d6352e70a54f3e8840adcfea70363a, https://www.notion.so/Design-Considerations-for-Optimizing-Storyline-Visualizations-0a518ed402154bdcb136759d50e09b1b, https://www.notion.so/Crossing-Minimization-in-Storyline-Visualization-adc579d114c9412e8dad9e068e18d960, https://www.notion.so/Computing-Storyline-Visualizations-with-Few-Block-Crossings-852c12c9b8674d4482a281a689b27496, https://www.notion.so/Sequence-Braiding-Visual-Overviews-of-Temporal-Event-Sequences-and-Attributes-4dfe62dc294b4ef1b453ecf09be2ea0f, https://www.notion.so/Stratisfimal-Layout-A-modular-optimization-model-for-laying-out-layered-node-link-network-visualiza-ad2a312108774bad92f36064f5fd59ed",No,Small Collection (Do report),Yes,,NA,,"An Efficient Framework for Generating Storyline Visualizations from Streaming Data, StoryFlow: Tracking the Evolution of Stories, Design Considerations for Optimizing Storyline Visualizations, Crossing Minimization in Storyline Visualization, Computing Storyline Visualizations
with Few Block Crossings, Sequence Braiding: Visual Overviews of Temporal Event Sequences and Attributes, Stratisfimal Layout: A modular optimization model for laying out layered node-link network visualizations",Yes,No,,5d9ea7cbfc2c4a6c88a7ca1bf32c67d7,"https://doi.org/10.1109/TVCG.2015.2392771,https://doi.org/10.1109/TVCG.2013.196,https://doi.org/10.1109/TVCG.2012.212,https://doi.org/10.1007/978-3-319-50106-2_29,https://doi.org/10.1007/978-3-319-73915-1_29,https://doi.org/10.1109/TVCG.2020.3030442,https://doi.org/10.1109/TVCG.2021.3114756","https://www.notion.so/Crossing-Minimization-in-Storyline-Visualization-2953ec267f7f468bb4b306faee452952, https://www.notion.so/Sequence-Braiding-Visual-Overviews-of-Temporal-Event-Sequences-and-Attributes-54be1011c0324f04bcc2bafa58b89859, https://www.notion.so/Stratisfimal-Layout-A-modular-optimization-model-for-laying-out-layered-node-link-network-visualiza-77fd27b418d64ef6ab570cffd0ec4a24, https://www.notion.so/Design-Considerations-for-Optimizing-Storyline-Visualizations-7d26fa762ce44baa96b51c7361bfed17, https://www.notion.so/StoryFlow-Tracking-the-Evolution-of-Stories-a5e01c41d9ce44769f4cd154d4c293e3, https://www.notion.so/Computing-Storyline-Visualizations-with-Few-Block-Crossings-cb4a181c2cb0461f9cb01232dda5f19d, https://www.notion.so/An-Efficient-Framework-for-Generating-Storyline-Visualizations-from-Streaming-Data-d06da0be3b5244b791f30c22ff2b7277","https://doi.org/10.1109/TVCG.2015.2392771,https://doi.org/10.1109/TVCG.2013.196,https://doi.org/10.1109/TVCG.2012.212,https://doi.org/10.1007/978-3-319-50106-2_29,https://doi.org/10.1007/978-3-319-73915-1_29,https://doi.org/10.1109/TVCG.2020.3030442,https://doi.org/10.1109/TVCG.2021.3114756",Yes,No
Enron,"Data made public by the Federal Energy Regulatory Comission when investigating Enron. It has had a few changes over time documented in the link. The data is currently hosted by William W.Cohen from CMU on a webiste,and it is also hosted on SNAP. SNAP asks to cite the paper linked in Origin paper, although this is not the original source of the data.",https://www.notion.so/Introducing-the-Enron-Corpus-52663d33d36b4940b5966f72f6c73a70,https://www.cs.cmu.edu/~enron/,"150 enron executives, 500k messages","Very high variance in node degrees 
Data can be considered threaded and directed, SNAP version of network data is explicitely undirected though",2,https://www.notion.so/SNAP-Stanford-Network-Analysis-Platform-1cd77eaee57147ce8263b2f9eaa2589c,Yes,No,4,Generic,"https://www.notion.so/An-Efficient-Framework-for-Generating-Storyline-Visualizations-from-Streaming-Data-0a3f35ebac3f468cb9c3adee03f62a06, https://www.notion.so/Reordering-massive-sequence-views-Enabling-temporal-and-structural-analysis-of-dynamic-networks-f62118d5310d44b099b3ccc71fd5a8aa",No,,Yes,,,,"An Efficient Framework for Generating Storyline Visualizations from Streaming Data, Reordering massive sequence views: Enabling temporal and structural analysis of dynamic networks",No,No,Introducing the Enron Corpus,ed3c62b92cf14a7b86c691ac3651dab3,"https://doi.org/10.1109/TVCG.2015.2392771,https://doi.org/10.1109/PacificVis.2013.6596125","https://www.notion.so/Reordering-massive-sequence-views-Enabling-temporal-and-structural-analysis-of-dynamic-networks-59101c28c7a54141bfebd74208f0250f, https://www.notion.so/An-Efficient-Framework-for-Generating-Storyline-Visualizations-from-Streaming-Data-d06da0be3b5244b791f30c22ff2b7277","https://doi.org/10.1109/TVCG.2015.2392771,https://doi.org/10.1109/PacificVis.2013.6596125",No,Yes
SNAP (Stanford Network Analysis Platform),,https://www.notion.so/SNAP-Datasets-Standford-Large-Network-Dataset-Collection-b5f4bd2e98834a638a5c4ab563047d28,http://snap.stanford.edu/data/index.html,1008 unique graphs (exclusing graph classification tasks consisting of 352536 graphs),,4,"https://www.notion.so/Amazon-1b39a766deb747b8a3b51fc41cfc2e20, https://www.notion.so/Enron-ed3c62b92cf14a7b86c691ac3651dab3",Yes,No,8,"bipartite, edge weighted, temporal event sequence","https://www.notion.so/A-Distributed-Multilevel-Force-Directed-Algorithm-0a5a2af21adb4edbbc41684e61b3db32, https://www.notion.so/A-Quality-Metric-for-Visualization-of-Clusters-in-Graphs-a1c61d2b87b4457ca462ce04f80b4720, https://www.notion.so/ForceAtlas2-a-Continuous-Graph-Layout-Algorithm-for-Handy-Network-Visualization-Designed-for-the-Ge-5c542416cf334ae8943f1420c1e5c0e3, https://www.notion.so/A-Random-Sampling-O-n-Force-calculation-Algorithm-for-Graph-Layouts-86599a831f314d1cb8871a5a92420d0f, https://www.notion.so/Force-Directed-Graph-Layouts-Revisited-A-New-Force-Based-on-the-T-Distribution-8c79f21b6f2a41fca20311b3ba1ab644, https://www.notion.so/Shape-Faithful-Graph-Drawings-9551555e517f400ea733e3e3c56c8686",No,Large Collection (No report),Yes,,,,"A Distributed Multilevel Force-Directed Algorithm, A Quality Metric for Visualization of Clusters in Graphs, ForceAtlas2, a Continuous Graph Layout Algorithm for Handy Network Visualization Designed for the Gephi Software, A Random Sampling O(n) Force-calculation Algorithm for Graph Layouts, Force-Directed Graph Layouts Revisited: A New Force Based on the T-Distribution, Shape-Faithful Graph Drawings",No,No,SNAP Datasets: Standford Large Network Dataset Collection,1cd77eaee57147ce8263b2f9eaa2589c,"https://doi.org/10.1109/TPDS.2018.2869805,https://doi.org/10.1007/978-3-030-35802-0_10,https://doi.org/10.1371/journal.pone.0098679,https://doi.org/10.1111/cgf.13724,10.1109/TVCG.2023.3238821,10.1007/978-3-031-22203-0_8","https://www.notion.so/A-Quality-Metric-for-Visualization-of-Clusters-in-Graphs-4f55f6f5086243d4bcda73e4aa3e2454, https://www.notion.so/A-Distributed-Multilevel-Force-Directed-Algorithm-9d7a1734402948ecba4995ca617489ff, https://www.notion.so/ForceAtlas2-a-Continuous-Graph-Layout-Algorithm-for-Handy-Network-Visualization-Designed-for-the-Ge-b6bd99a7b65c4d33848c967db9b6f3f6","https://doi.org/10.1109/TPDS.2018.2869805,https://doi.org/10.1007/978-3-030-35802-0_10,https://doi.org/10.1371/journal.pone.0098679,https://doi.org/10.1111/cgf.13724,10.1109/TVCG.2023.3238821,10.1007/978-3-031-22203-0_8",Yes,Yes
Chess games,200 common chess openings,,https://github.com/VisDunneRight/sequence_braiding/blob/master/data/chess.json,200 sequences,,1,,Yes,Yes,4,Layered graphs,https://www.notion.so/Sequence-Braiding-Visual-Overviews-of-Temporal-Event-Sequences-and-Attributes-4dfe62dc294b4ef1b453ecf09be2ea0f,No,Single Graph (Do report),Yes,,,,Sequence Braiding: Visual Overviews of Temporal Event Sequences and Attributes,Yes,No,,023a47d6ae914567a05132ac1dfbe972,https://doi.org/10.1109/TVCG.2020.3030442,https://www.notion.so/Sequence-Braiding-Visual-Overviews-of-Temporal-Event-Sequences-and-Attributes-54be1011c0324f04bcc2bafa58b89859,https://doi.org/10.1109/TVCG.2020.3030442,No,No
C. Walshaw,"Multilevel mesh partitioning for heterogeneous
communication networks
C. Walshaw, collected for an archive of graph partitions which has been maintained since 2000. ","https://www.notion.so/A-Combined-Evolutionary-Search-and-Multilevel-Optimisation-Approach-to-Graph-Partitioning-d58eded005d14e428a11b9ca02c64eb1, https://www.notion.so/Mesh-Partitioning-a-Multilevel-Balancing-and-Refinement-Algorithm-97fff4a9a42b469cbd16a74d0a4aa48f","https://chriswalshaw.co.uk/partition/ but you have to email Walshaw
mailto:c.walshaw@gre.ac.uk  
(They are also all in the Suite Sparse Matrix Collection under different groups)","34 graphs, 2395-448695 nodes, 6837-3314611 edges. Node-weighted, edge-weighted. Partitions of the 34 graphs are given with various partition sizes and imbalance percentages.",Made explicit that they want people to reach out to them for the dataset so we do not collect it. Also in Suite Sparse,8,https://www.notion.so/SuiteSparse-Matrix-Collection-b8772d6a2cbb456894b4673e32c6f956,No,No,6,"edge weighted, node weighted, partition","https://www.notion.so/A-Multilevel-Algorithm-for-Force-Directed-Graph-Drawing-234ec1ad86724e0baed5830877d0c70d, https://www.notion.so/Multi-Level-Graph-Layout-on-the-GPU-f855194c9d8a40b8821fafe30add0699, https://www.notion.so/ACE-A-Fast-Multiscale-Eigenvectors-Computation-for-Drawing-Huge-Graphs-5e8de72ea8d0436babf760ca379cc457, https://www.notion.so/Drawing-graphs-by-eigenvectors-theory-and-practice-39ccd4aeec6448f8a58d51b986c9d097, https://www.notion.so/SDE-Graph-Drawing-Using-Spectral-Distance-Embedding-8ce58ef9bc5d4e1aa66f2935bf122f92, https://www.notion.so/Efficient-and-High-Quality-Force-Directed-Graph-Drawing-1e92a86c6b4f4577b1c2c30903173220, https://www.notion.so/Large-Graph-Layout-with-the-Fast-Multipole-Multilevel-Method-b88c56b7799741ccbbb9d4f05ea8df4b, https://www.notion.so/Drawing-Large-Graphs-with-a-Potential-Field-Based-Multilevel-Algorithm-3c0831d7e44545b0894bb5b8a4aa8f54, https://www.notion.so/Drawing-Big-Graphs-Using-Spectral-Sparsification-e5d3efdca48541f2b1789ec74357ebf6, https://www.notion.so/Drawing-Large-Graphs-with-a-Potential-Field-Based-Multilevel-Algorithm-485aab2f5af74c329b0305d4acf6c751, https://www.notion.so/An-Experimental-Comparison-of-Fast-Algorithms-for-Drawing-General-Large-Graphs-190e5036cf974a879b50614cfff525f1, https://www.notion.so/Eigensolver-methods-for-progressive-multidimensional-scaling-of-large-data-b4b33cff0cf94e8db1fd3dcdab73f9e4, https://www.notion.so/Topological-fisheye-views-for-visualizing-large-graphs-94f9c1efaeed4304bd4c6686d2962159, https://www.notion.so/Online-Dynamic-Graph-Drawing-3c5e54c02d0b473294442f7387ddb03d, https://www.notion.so/Multi-level-Graph-Drawing-Using-Infomap-Clustering-eadf3605c6ed46ff93629fb92858fbd4, https://www.notion.so/A-Random-Sampling-O-n-Force-calculation-Algorithm-for-Graph-Layouts-86599a831f314d1cb8871a5a92420d0f",No,Large Collection (No report),Yes,,,,"A Multilevel Algorithm for Force-Directed Graph Drawing, Multi-Level Graph Layout on the GPU, ACE: A Fast Multiscale Eigenvectors Computation for Drawing Huge Graphs, Drawing graphs by eigenvectors: theory and practice, SDE: Graph Drawing Using Spectral Distance Embedding, Efficient and High Quality Force-Directed Graph Drawing, Large-Graph Layout with the Fast Multipole Multilevel Method, Drawing Large Graphs with a Potential-Field-Based Multilevel Algorithm, Drawing Big Graphs Using Spectral
Sparsification, Drawing Large Graphs with a Potential-Field-Based Multilevel Algorithm, An Experimental Comparison of Fast Algorithms for Drawing General Large Graphs, Eigensolver methods for progressive multidimensional scaling of large data, Topological fisheye views for visualizing large graphs, Online Dynamic Graph Drawing, Multi-level Graph Drawing Using Infomap Clustering, A Random Sampling O(n) Force-calculation Algorithm for Graph Layouts",No,No," A Combined Evolutionary Search and Multilevel Optimisation Approach to Graph Partitioning,  Mesh Partitioning: a Multilevel Balancing and Refinement Algorithm",e40b37a1147942d89ff1d8dfad285256,"https://doi.org/10.1007/3-540-44541-2_17,https://doi.org/10.1109/TVCG.2007.70580,https://doi.org/10.1109/INFVIS.2002.1173159,https://doi.org/10.1016/j.camwa.2004.08.015,https://doi.org/10.1007/11618058_48,https://doi.org/10.1007/978-3-540-31843-9_29,https://doi.org/10.1007/978-3-319-73915-1_22,https://doi.org/10.1007/978-3-540-31843-9_29,https://doi.org/10.1007/11618058_22,https://doi.org/10.5555/1758612.1758620,https://doi.org/10.1109/TVCG.2005.66,https://doi.org/10.1109/TVCG.2008.11,https://doi.org/10.1007/978-3-030-35802-0_11,https://doi.org/10.1111/cgf.13724","https://www.notion.so/Efficient-and-High-Quality-Force-Directed-Graph-Drawing-0690316942ef4c97bec1a11b26255410, https://www.notion.so/Drawing-graphs-by-eigenvectors-theory-and-practice-1b5e3919d8c94ad18f29f20c7480b07a, https://www.notion.so/Drawing-Large-Graphs-with-a-Potential-Field-Based-Multilevel-Algorithm-27a6b266bb2c4c92976ed04d2afe9bed, https://www.notion.so/ACE-A-Fast-Multiscale-Eigenvectors-Computation-for-Drawing-Huge-Graphs-44f8183954f14ada944d642d9ff1298e, https://www.notion.so/Drawing-Big-Graphs-Using-Spectral-Sparsification-89da2043d0444f75a6c663b1fc999512, https://www.notion.so/Multi-Level-Graph-Layout-on-the-GPU-916f610d6b534e48a2478e5910bf085e, https://www.notion.so/Drawing-Large-Graphs-with-a-Potential-Field-Based-Multilevel-Algorithm-a4fe70c68ad64ed3849c47d95afc8798, https://www.notion.so/SDE-Graph-Drawing-Using-Spectral-Distance-Embedding-a840905de8674a85a99706d2c17505aa, https://www.notion.so/Multi-level-Graph-Drawing-Using-Infomap-Clustering-ad97d205cc804c748ab87d3012b18ebc, https://www.notion.so/Online-Dynamic-Graph-Drawing-ae22e4cc10ec451bb95c2ba6cfc35499, https://www.notion.so/Eigensolver-methods-for-progressive-multidimensional-scaling-of-large-data-b5ab815edb48469192605e5ad31329c0, https://www.notion.so/An-Experimental-Comparison-of-Fast-Algorithms-for-Drawing-General-Large-Graphs-bbb7bb7d51d84d109030dee3c06d895d, https://www.notion.so/A-Multilevel-Algorithm-for-Force-Directed-Graph-Drawing-d1ebfc7319b04b66833d7e71c060d400, https://www.notion.so/Large-Graph-Layout-with-the-Fast-Multipole-Multilevel-Method-def1fdc467f441abb94868eccd8a5a34, https://www.notion.so/Topological-fisheye-views-for-visualizing-large-graphs-e2f5c279f5514a6da3a0241c978f564d","https://doi.org/10.1007/3-540-44541-2_17,https://doi.org/10.1109/TVCG.2007.70580,https://doi.org/10.1109/INFVIS.2002.1173159,https://doi.org/10.1016/j.camwa.2004.08.015,https://doi.org/10.1007/11618058_48,https://doi.org/10.1007/978-3-540-31843-9_29,https://doi.org/10.1007/978-3-319-73915-1_22,https://doi.org/10.1007/978-3-540-31843-9_29,https://doi.org/10.1007/11618058_22,https://doi.org/10.5555/1758612.1758620,https://doi.org/10.1109/TVCG.2005.66,https://doi.org/10.1109/TVCG.2008.11,https://doi.org/10.1007/978-3-030-35802-0_11,https://doi.org/10.1111/cgf.13724",No,No
GION,Dead link,,,8,paper → https://link.springer.com/chapter/10.1007/978-3-662-45803-7_10,2,,No,No,2,"dense, sparse","https://www.notion.so/Drawing-Big-Graphs-Using-Spectral-Sparsification-e5d3efdca48541f2b1789ec74357ebf6, https://www.notion.so/GION-Interactively-Untangling-Large-Graphs-on-Wall-Sized-Displays-774568ebdd114a8790c026bfa0b125f0",No,,Yes,,,,"Drawing Big Graphs Using Spectral
Sparsification, GION: Interactively Untangling Large Graphs on Wall-Sized Displays",No,No,,fb235f160e504395a884f5a18fca6f17,"https://doi.org/10.1007/978-3-319-73915-1_22,https://doi.org/10.1007/978-3-662-45803-7_10","https://www.notion.so/GION-Interactively-Untangling-Large-Graphs-on-Wall-Sized-Displays-875925d42ff445e38ffef123e4ce771c, https://www.notion.so/Drawing-Big-Graphs-Using-Spectral-Sparsification-89da2043d0444f75a6c663b1fc999512","https://doi.org/10.1007/978-3-319-73915-1_22,https://doi.org/10.1007/978-3-662-45803-7_10",No,Yes
SuiteSparse Matrix Collection,Formerly the Univeristy of Florida matrix collection.,,https://sparse.tamu.edu/,2893,,7,"https://www.notion.so/C-Walshaw-e40b37a1147942d89ff1d8dfad285256, https://www.notion.so/Pajek-e323e05a735d4151a0bccfec08aa3bd6",No,No,12,sparse,"https://www.notion.so/A-Maxent-Stress-Model-for-Graph-Layout-00c097ef77dd46d6a2df74869581a5c9, https://www.notion.so/A-Sparse-Stress-Model-96e7e209fadc468f9156cb44d0c8e59b, https://www.notion.so/Drawing-Big-Graphs-Using-Spectral-Sparsification-e5d3efdca48541f2b1789ec74357ebf6, https://www.notion.so/Multi-level-Graph-Drawing-Using-Infomap-Clustering-eadf3605c6ed46ff93629fb92858fbd4, https://www.notion.so/Stochastic-Gradient-Descent-Works-Really-Well-for-Stress-Minimization-af084ad735564f1da5f20c16773572d0, https://www.notion.so/Graph-Layouts-by-t-SNE-3af4ccbc89b547a38748745511744997, https://www.notion.so/Graph-Drawing-by-Stochastic-Gradient-Descent-c829549f150044628d68b79584273c19, https://www.notion.so/DRGraph-An-Efficient-Graph-Layout-Algorithm-for-Large-scale-Graphs-by-Dimensionality-Reduction-3e38c2bb01724b70be45cb8d19695051, https://www.notion.so/Force-Directed-Graph-Layouts-Revisited-A-New-Force-Based-on-the-T-Distribution-8c79f21b6f2a41fca20311b3ba1ab644, https://www.notion.so/Spherical-Graph-Drawing-by-Multi-dimensional-Scaling-f12cabb0ee2d48d398492f62af07404b, https://www.notion.so/Shape-Faithful-Graph-Drawings-9551555e517f400ea733e3e3c56c8686",No,Large Collection (No report),Yes,,,,"A Maxent-Stress Model for Graph Layout, A Sparse Stress Model, Drawing Big Graphs Using Spectral
Sparsification, Multi-level Graph Drawing Using Infomap Clustering, Stochastic Gradient Descent Works Really Well for Stress Minimization, Graph Layouts by t-SNE, Graph Drawing by Stochastic Gradient Descent, DRGraph: An Efficient Graph Layout Algorithm for Large-scale Graphs by Dimensionality Reduction, Force-Directed Graph Layouts Revisited: A New Force Based on the T-Distribution, Spherical Graph Drawing by Multi-dimensional Scaling, Shape-Faithful Graph Drawings",No,No,,b8772d6a2cbb456894b4673e32c6f956,"https://doi.org/10.1109/TVCG.2012.299,https://doi.org/10.7155/jgaa.00440,https://doi.org/10.1007/978-3-319-73915-1_22,https://doi.org/10.1007/978-3-030-35802-0_11,https://doi.org/10.1007/978-3-030-68766-3_2,https://doi.org/10.1111/cgf.13187,10.1109/TVCG.2018.2859997,10.1109/TVCG.2020.3030447,10.1109/TVCG.2023.3238821,10.1007/978-3-031-22203-0_7,10.1007/978-3-031-22203-0_8","https://www.notion.so/Graph-Layouts-by-t-SNE-6adb46473eb2415294b0d797ad86b077, https://www.notion.so/Drawing-Big-Graphs-Using-Spectral-Sparsification-89da2043d0444f75a6c663b1fc999512, https://www.notion.so/A-Maxent-Stress-Model-for-Graph-Layout-8da4fc24a7c7438c9d10c3113841b7fd, https://www.notion.so/Multi-level-Graph-Drawing-Using-Infomap-Clustering-ad97d205cc804c748ab87d3012b18ebc, https://www.notion.so/A-Sparse-Stress-Model-ba603193aa4c49a8a55e1d23068def6f, https://www.notion.so/Stochastic-Gradient-Descent-Works-Really-Well-for-Stress-Minimization-e1cb81e542004fdf848c5a303e9e43e5","https://doi.org/10.1109/TVCG.2012.299,https://doi.org/10.7155/jgaa.00440,https://doi.org/10.1007/978-3-319-73915-1_22,https://doi.org/10.1007/978-3-030-35802-0_11,https://doi.org/10.1007/978-3-030-68766-3_2,https://doi.org/10.1111/cgf.13187,10.1109/TVCG.2018.2859997,10.1109/TVCG.2020.3030447,10.1109/TVCG.2023.3238821,10.1007/978-3-031-22203-0_7,10.1007/978-3-031-22203-0_8",No,Yes
Scotch Graph Collection,"Collection consisting of graphs from various sources including topological meshes, meshes related to physicla problems (fluid dynamics, structural mechanics, combinatorial optimization), and interprocess communicaiton graphs for a parallel computing implementation of a factorization solver. 
Collected from Steve Hammond, the Harwell-Boeing Collection, Bruce Hendrickson, and Horst Simon.",,https://wotug.org/parallel/libraries/communication/scotch/Graphs/,,"The SCOTCH software package is produced by the SCOTCH project whose goal is to study static mapping by the means of graph theory, using a “divide and conquer'' approach.
The SCOTCH software package for static mapping embodies all the algorithms and graph bipartitioning heuristics developed within the SCOTCH project.
Author: Francois Pellegrini (mailto:pelegrin@labri.u-bordeaux.fr)",1,,Yes,Yes,2,,"https://www.notion.so/A-Fast-Multi-Scale-Method-for-Drawing-Large-Graphs-fdc9e1d148bc4fcd848d8b4cc959cdfd, https://www.notion.so/ACE-A-Fast-Multiscale-Eigenvectors-Computation-for-Drawing-Huge-Graphs-5e8de72ea8d0436babf760ca379cc457",No,Large Collection (No report),No,,"Scotch (.src files) - first line is the number of vertices followed by . number of arcs (2 time |E|). Then each line represents a vertex with the following format:
id load degree   adjencency list(load to_id)  ",39,"A Fast Multi-Scale Method for Drawing Large Graphs, ACE: A Fast Multiscale Eigenvectors Computation for Drawing Huge Graphs",Yes,No,,cfe6f105da3a4c699fa3e02ca1f6e88a,"https://doi.org/10.1007/3-540-44541-2_18,https://doi.org/10.1109/INFVIS.2002.1173159","https://www.notion.so/ACE-A-Fast-Multiscale-Eigenvectors-Computation-for-Drawing-Huge-Graphs-44f8183954f14ada944d642d9ff1298e, https://www.notion.so/A-Fast-Multi-Scale-Method-for-Drawing-Large-Graphs-a49d7ec5808945baae7a5246a191c986","https://doi.org/10.1007/3-540-44541-2_18,https://doi.org/10.1109/INFVIS.2002.1173159",No,No
pert DAG,Name used for Rome-Lib in “Drawing Directed Acyclic Graphs: An Experimental Study”  which cites Di Battista et al.’s 1995 An experimental comparsion of three graph drawing algoritms (Extended Abstract)”,https://www.notion.so/An-experimental-comparison-of-three-graph-drawing-algorithms-extended-abstract-85bcd0ec675440fab9ba0c4f187b9e02,see Rome-Lib,see Rome-Lib,,1,https://www.notion.so/Rome-Lib-c2f20984de724f4c89764b0bc494e99e,No,No,3,,https://www.notion.so/Drawing-Directed-Acyclic-Graphs-An-Experimental-Study-1677531652194663b7fdf25025c61cc6,No,,No,,,,Drawing Directed Acyclic Graphs: An Experimental Study,No,No,An experimental comparison of three graph drawing algorithms (extended abstract),96b0f23e2c66409c928697e247c77d7c,https://doi.org/10.1142/S0218195900000358,https://www.notion.so/Drawing-Directed-Acyclic-Graphs-An-Experimental-Study-a1a382e468f74a14902ad4249f2eae6a,https://doi.org/10.1142/S0218195900000358,No,Yes
MID Network data,"Part of Correlates of War project.
Earliest Citation on Website for version 2.1: https://doi.org/10.1177/073889429601500203https://doi.org/10.1177/073889429601500203https://doi.org/10.1177/073889429601500203
Latest citation in summary.",https://www.notion.so/The-MID5-Dataset-2011-2014-Procedures-coding-rules-and-description-68e2449950584fdeb99e5d016704b585,https://correlatesofwar.org/data-sets/MIDs/,5 data formats for dataset,version 5.01 contains 2 csv files (and their corresponding.dta files),2,,Yes,Yes,5,,"https://www.notion.so/Design-Considerations-for-Optimizing-Storyline-Visualizations-0a518ed402154bdcb136759d50e09b1b, https://www.notion.so/StoryFlow-Tracking-the-Evolution-of-Stories-85d6352e70a54f3e8840adcfea70363a",No,,No,,,,"Design Considerations for Optimizing Storyline Visualizations, StoryFlow: Tracking the Evolution of Stories",Yes,No,"The MID5 Dataset, 2011–2014: Procedures, coding rules, and description",27d9df7d11e44a9596267bb930bc6f03,"https://doi.org/10.1109/TVCG.2012.212,https://doi.org/10.1109/TVCG.2013.196","https://www.notion.so/Design-Considerations-for-Optimizing-Storyline-Visualizations-7d26fa762ce44baa96b51c7361bfed17, https://www.notion.so/StoryFlow-Tracking-the-Evolution-of-Stories-a5e01c41d9ce44769f4cd154d4c293e3","https://doi.org/10.1109/TVCG.2012.212,https://doi.org/10.1109/TVCG.2013.196",No,No
world greenhouse gas emissions,Data collected by the World Resources Institute,,"https://www.wri.org/data/world-greenhouse-gas-emissions-2005
https://www.wri.org/search?keys=world%20greenhouse%20gas%20emissions&f%5B0%5D=content_type%3Adata
https://github.com/lhc70000/sankey/tree/master",5 datasets,,1,,No,Yes,3,,https://www.notion.so/Optimal-Sankey-Diagrams-via-Integer-Programming-fcb5d816998f40d6b57c4d8dd5a8b52f,No,,No,,,,Optimal Sankey Diagrams via Integer Programming,Yes,No,,859aab42a55e43ac9dad1eae1a91a534,https://doi.org/10.1109/PacificVis.2018.00025,https://www.notion.so/Optimal-Sankey-Diagrams-via-Integer-Programming-87de96d0019e4e27ba0e57c27a0d5b15,https://doi.org/10.1109/PacificVis.2018.00025,No,No
Amazon,"Data is randomly filtered from data collected by Leskovec et al. in “The dynamics of viral marketing,” doi: 10.1145/1134707.1134732 (subgraph of a SNAP collection graph)",,SNAP no need to report?,"1 graph, 192k vertices and 269k edges",Part of SNAP no need to report,1,https://www.notion.so/SNAP-Stanford-Network-Analysis-Platform-1cd77eaee57147ce8263b2f9eaa2589c,No,No,2,,https://www.notion.so/Edge-Path-Bundling-A-Less-Ambiguous-Edge-Bundling-Approach-fcfa5882e692481298cbee906e005c30,No,,No,,,,Edge-Path Bundling: A Less Ambiguous Edge Bundling Approach,No,No,,1b39a766deb747b8a3b51fc41cfc2e20,https://doi.org/10.1109/TVCG.2021.3114795,https://www.notion.so/Edge-Path-Bundling-A-Less-Ambiguous-Edge-Bundling-Approach-932f56be1ec24c50a2c3fc65a37ed172,https://doi.org/10.1109/TVCG.2021.3114795,No,No
biological pathways,KEGG Pathway Maps website seems to have a database of pathways  but there is no easy way to download the graphs (papers define no methodology so authors might have scraped data or manually recreated),,"https://www.kegg.jp/kegg-bin/show_pathway?map01100
https://github.com/yun-vis/bionetdata/tree/master/kegg/xml/ko01100/full",3,"Recipe database is consider in the paper, but we are not considering it part of the same database",1,,No,Yes,3,clusters,https://www.notion.so/Multi-Level-Area-Balancing-of-Clustered-Graphs-1a25e529913b49e2acf235d5f3ec89bb,No,,No,,,,Multi-Level Area Balancing of Clustered Graphs,Yes,No,,6d302b16e7af4982a57c5b9aeecfe3b8,https://doi.org/10.1109/TVCG.2020.3038154,https://www.notion.so/Multi-Level-Area-Balancing-of-Clustered-Graphs-2d16323782f343ddbe5829efec909c74,https://doi.org/10.1109/TVCG.2020.3038154,No,No
webcompute,"Instances of graphs uploaded to Crossing Number Web Compute, attributed to  M. Chimani, T. Wiedera. http://crossings.uos.de/cr-proof-system-paper
.",,https://tcs.uos.de/doku.php?id=research/cr,"newest version is 510 graphs, but total number of graphs include 877 with possible duplicates across versions","Newest version of database specifes non-planar graphs, but older versions do have some planar graphs",1,,No,Yes,1,"known crossing number, nonplanar",https://www.notion.so/An-ILP-based-Proof-System-for-the-Crossing-Number-Problem-e172212e85b74e12bcf2d0320d2b1eb6,No,,No,,,,"An ILP-based Proof System for the Crossing
Number Problem",Yes,No,,7a10c41801914e6faa5a6cc1b1ef0b77,https://doi.org/10.4230/LIPIcs.ESA.2016.29,https://www.notion.so/An-ILP-based-Proof-System-for-the-Crossing-Number-Problem-b61271c4f96a4633aba0179af767a5e0,https://doi.org/10.4230/LIPIcs.ESA.2016.29,No,No
complete graphs,Both papers that cite complete graphs mention using the complete graph from n=5..50. We believe they might have just been generated and found no code for it,,,Up to 50 nodes approx n(n-1)/2 edges,"we might have to generated them ourselves, not terrible and most implementations of grapph libraries have a way to ",1,,No,Yes,1,,https://www.notion.so/An-effective-crossing-minimisation-heuristic-based-on-star-insertion-5fde465c129249599b79396bf3d3ae04,No,,No,,,,An effective crossing minimisation heuristic based on star insertion,Yes,No,,202f26621cf34604935433a41b130f10,https://doi.org/10.7155/jgaa.00487,https://www.notion.so/An-effective-crossing-minimisation-heuristic-based-on-star-insertion-888933e03a604489ada5360688abe597,https://doi.org/10.7155/jgaa.00487,No,No
knownCR,"https://eldorado.tu-dortmund.de/handle/2003/27430?mode=full
Carsten Gutwenger’s PhD thesis - describes how graphs where made ",,,1946 graphs of up to 250 vertices,"Graphs do not appear to exist online anywhere, but the method by which they can be created is fully described",3,,No,Yes,1,"known crossing number, nonplanar","https://www.notion.so/Star-Struck-by-Fixed-Embeddings-Modern-Crossing-Number-Heuristics-f31c2a6c7b8d4683a1820d8101f89448, https://www.notion.so/An-effective-crossing-minimisation-heuristic-based-on-star-insertion-5fde465c129249599b79396bf3d3ae04, https://www.notion.so/Advances-in-the-Planarization-Method-Effective-Multiple-Edge-Insertions-884c2bc419eb4197be261c1f1b3898ce",No,,No,,,,"Star-Struck by Fixed Embeddings:
Modern Crossing Number Heuristics, An effective crossing minimisation heuristic based on star insertion, Advances in the Planarization Method: Effective Multiple Edge Insertions",Yes,No,,ed33d600c65e4c52a1506a905b774335,"https://doi.org/10.1007/978-3-030-92931-2_3,https://doi.org/10.7155/jgaa.00487,https://doi.org/10.1007/978-3-642-25878-7_10","https://www.notion.so/An-effective-crossing-minimisation-heuristic-based-on-star-insertion-888933e03a604489ada5360688abe597, https://www.notion.so/Advances-in-the-Planarization-Method-Effective-Multiple-Edge-Insertions-c518ce875daa4fe7b003ad506eb9a347, https://www.notion.so/Star-Struck-by-Fixed-Embeddings-Modern-Crossing-Number-Heuristics-d8f0e972b962439d8b368e8a28a7046a","https://doi.org/10.1007/978-3-030-92931-2_3,https://doi.org/10.7155/jgaa.00487,https://doi.org/10.1007/978-3-642-25878-7_10",No,No
world maps,"World Bank country information transformed  into a weight-vectors dataset. ",https://www.notion.so/Computing-Stable-Demers-Cartograms-73ed6431833d49bba5807b76ca3b0fd4,"https://data.worldbank.org/indicator
https://github.com/loizuf/StableDemersLP/tree/main/code/StableDemers_TVCG/data","5 Time series for the world
(Forest Area, World GDP, World GDP per capita, World Population Growth, Rural Population all from 2006-2016)","emailed them for the actual graph data as opposed to the feature data. ",1,,Yes,No,2,temporal event sequence,https://www.notion.so/Computing-Stable-Demers-Cartograms-fb418899e13f45f4b6b3c6296e07a599,No,Small Collection (Do report),No,,,,Computing Stable Demers Cartograms,No,No,Computing Stable Demers Cartograms,99689f52cc854daba9c25be42de1cbe3,https://doi.org/10.1007/978-3-030-35802-0_4,https://www.notion.so/Computing-Stable-Demers-Cartograms-852e6a1086c74936a3fbe7d9c25e365e,https://doi.org/10.1007/978-3-030-35802-0_4,No,No
fm3,https://doi.org/10.1007/978-3-319-53925-6_11 - An Experimental Study on the Ply Number of Straight-Line Drawings,,"http://www.felicedeluca.com/ply/data.html

Download links seem to be broken… 😓",,"“FM3 contains caterpillars, planar and general (connected simple graphs, generated with uniform probability distribution) graphs.”",1,,No,No,1,,https://www.notion.so/An-Interactive-Tool-to-Explore-and-Improve-the-Ply-Number-of-Drawings-b8be8d1a88824561bc30d154b8a4603e,No,,No,,,,An Interactive Tool to Explore and Improve the Ply Number of Drawings,No,No,,b3dc638f5d7541b8b01105483c356e11,https://doi.org/10.1007/978-3-319-73915-1_4,https://www.notion.so/An-Interactive-Tool-to-Explore-and-Improve-the-Ply-Number-of-Drawings-9141cfad08234c60a979ca207ada6a86,https://doi.org/10.1007/978-3-319-73915-1_4,No,Yes
evolution,"Collected by the authors of EUCALYPT: efficient tree reconciliation enumerator, https://almob.biomedcentral.com/articles/10.1186/s13015-014-0031-3",,https://gitlab.inria.fr/erable/eucalypt/-/blob/master/html/PaperDatasets.zip,"each graph is two trees, from 50 to around 300 nodes",co-phylogentic trees,1,,No,Yes,2,Trees,https://www.notion.so/Visualizing-Co-phylogenetic-Reconciliations-fd4b98c0071f4e96924bacd938e706b5,No,,No,,,,Visualizing Co-phylogenetic Reconciliations,Yes,No,,2440f3927d254148abd93168c1399b43,https://doi.org/10.1007/978-3-319-73915-1_27,https://www.notion.so/Visualizing-Co-phylogenetic-Reconciliations-3f8b94b104d94e498eb0eeb1ec687f1f,https://doi.org/10.1007/978-3-319-73915-1_27,No,No
control flow graphs,"14 graphs from the GraphViz test suite collected by Gasner and Hu to evaluate their PRISM algorithm.
”Efficient, Proximity-Preserving Node Overlap Removal doi:https://dx.doi.org/10.7155/jgaa.00198”",,,"14 graphs, from 36 to 1463 nodes",Child of GraphViz,1,https://www.notion.so/Graphviz-examples-e90aec42f02c4e8b8a6b8727fe2f86ae,No,No,1,,https://www.notion.so/Node-Overlap-Removal-by-Growing-a-Tree-c69ee6ac8232493b9f8d26ed56235a6b,No,,No,,,,Node Overlap Removal by Growing a Tree,No,No,,af079f199a2c402d8633f6d41101934b,https://doi.org/10.7155/jgaa.00442,https://www.notion.so/Node-Overlap-Removal-by-Growing-a-Tree-534753c850d64167892bde314403e2d6,https://doi.org/10.7155/jgaa.00442,No,No
steinlib,"SteinLib: An Updated Library on Steiner Tree Problems in Graphs, https://link.springer.com/chapter/10.1007/978-1-4613-0255-1_9",,https://steinlib.zib.de/steinlib.php,,Broken link,1,,No,No,1,,https://www.notion.so/A-Note-on-the-Practicality-of-Maximal-Planar-Subgraph-Algorithms-3b027747aec54f60a35f138958faff21,No,,No,,,,A Note on the Practicality of Maximal Planar Subgraph Algorithms,No,No,,4b766ffe22de40ecaa9307671862ea96,https://doi.org/10.1007/978-3-319-50106-2_28,https://www.notion.so/A-Note-on-the-Practicality-of-Maximal-Planar-Subgraph-Algorithms-cbca5aa1135a4ba29ea6e508f1c4d02b,https://doi.org/10.1007/978-3-319-50106-2_28,No,No
neural network,,,,,Datasets used in papers are trained ML network architectures,2,,No,No,10,,"https://www.notion.so/Visualizing-Dataflow-Graphs-of-Deep-Learning-Models-in-TensorFlow-b7f88659be534c84b6a37226f945c66a, https://www.notion.so/Towards-Better-Analysis-of-Deep-Convolutional-Neural-Networks-24912d7e869548a591e8fa8cba0417fe",No,,No,,,,"Visualizing Dataflow Graphs of Deep Learning Models in TensorFlow, Towards Better Analysis of Deep Convolutional Neural Networks",No,No,,badcd1335be24b1e8acee792794d84a4,"https://doi.org/10.1109/TVCG.2017.2744878,https://doi.org/10.1109/TVCG.2016.2598831","https://www.notion.so/Towards-Better-Analysis-of-Deep-Convolutional-Neural-Networks-5faa94b80ecb4f389583b05dd5aaa317, https://www.notion.so/Visualizing-Dataflow-Graphs-of-Deep-Learning-Models-in-TensorFlow-b2022ee0e0464bc68c47b8a86262b212","https://doi.org/10.1109/TVCG.2017.2744878,https://doi.org/10.1109/TVCG.2016.2598831",No,Yes
code (commits or structure),,,"python link was broken, ucdavis link ",,"python, JUnit, Eclipse commit history used in papers. Parallel edge splatting used https://depfind.sourceforge.io/ to extract the history. + Phillips Medical System Eindhoven medical scanner software call graph",3,,No,No,8,,"https://www.notion.so/Parallel-Edge-Splatting-for-Scalable-Dynamic-Graph-Visualization-8fed21af91cf4c4aaf6a05ccb0335d43, https://www.notion.so/Hierarchical-Edge-Bundles-Visualization-of-Adjacency-Relations-in-Hierarchical-Data-8a6e80b49e2540cf8b0c8da83bbda7ff, https://www.notion.so/An-Efficient-Framework-for-Generating-Storyline-Visualizations-from-Streaming-Data-0a3f35ebac3f468cb9c3adee03f62a06",No,,No,,,,"Parallel Edge Splatting for Scalable Dynamic Graph Visualization, Hierarchical Edge Bundles: Visualization of Adjacency Relations in Hierarchical Data, An Efficient Framework for Generating Storyline Visualizations from Streaming Data",No,No,,3b6beec0413c486184cee398056e6c87,"https://doi.org/10.1109/TVCG.2011.226,https://doi.org/10.1109/TVCG.2006.147,https://doi.org/10.1109/TVCG.2015.2392771","https://www.notion.so/Hierarchical-Edge-Bundles-Visualization-of-Adjacency-Relations-in-Hierarchical-Data-697233ee3f8d4d25b96f61924fca0cc9, https://www.notion.so/Parallel-Edge-Splatting-for-Scalable-Dynamic-Graph-Visualization-789b312aeab84d299667fe1278554820, https://www.notion.so/An-Efficient-Framework-for-Generating-Storyline-Visualizations-from-Streaming-Data-d06da0be3b5244b791f30c22ff2b7277","https://doi.org/10.1109/TVCG.2011.226,https://doi.org/10.1109/TVCG.2006.147,https://doi.org/10.1109/TVCG.2015.2392771",No,No
blogposts/tweets/forum,,https://www.notion.so/An-Information-Flow-Model-for-Conflict-and-Fission-in-Small-Groups-34bb7441d1c4482a990c99d9d4990e14,http://www-personal.umich.edu/~mejn/netdata/,,"Time Arcs uses AMERICAblog, Huffington Post, and ProPublica data which can be found at https://github.com/CreativeCodingLab/TimeArcs/tree/master/Text/data.
Fast filtering uses the Twitter gardenhouse streaming API to collect data on the 2013 super bowl and the announcement of osama bin laden’s death, both can be found https://github.com/WICI/fastviz/tree/master/data (shared hashtags)",5,,Yes,Yes,7,temporal event sequence,"https://www.notion.so/Online-Dynamic-Graph-Drawing-3c5e54c02d0b473294442f7387ddb03d, https://www.notion.so/The-Turing-Test-for-Graph-Drawing-Algorithms-9927a9580ae74b49a468a8c2816334da, https://www.notion.so/Fast-filtering-and-animation-of-large-dynamic-networks-04f8b4c82871465fb46f8ad2a01d6815, https://www.notion.so/TimeArcs-Visualizing-Fluctuations-in-Dynamic-Networks-9d27b7e02aec4b80bc15447255eb4f4c, https://www.notion.so/Event-based-Dynamic-Graph-Drawing-without-the-Agonizing-Pain-e67037f1481b48fab8cbd0c2802fcbe5",No,,No,,,,"Online Dynamic Graph Drawing, The Turing Test for Graph Drawing Algorithms, Fast filtering and animation of large dynamic
networks, TimeArcs: Visualizing Fluctuations in Dynamic Networks, Event-based Dynamic Graph Drawing without the Agonizing Pain",No,No,An Information Flow Model for Conflict and Fission in Small Groups,e315a82238dc40c5a3559c81ef7c57c8,"https://doi.org/10.1109/TVCG.2008.11,https://doi.org/10.1007/978-3-030-68766-3_36,https://doi.org/10.1140/epjds/s13688-014-0027-8,https://doi.org/10.1111/cgf.12882,https://doi.org/10.1111/cgf.14615","https://www.notion.so/The-Turing-Test-for-Graph-Drawing-Algorithms-2a183bdf85bf4ab0acb311d5b9615440, https://www.notion.so/TimeArcs-Visualizing-Fluctuations-in-Dynamic-Networks-968889d3ca4a4109aca698513515e837, https://www.notion.so/Fast-filtering-and-animation-of-large-dynamic-networks-a9ecbc1aa880473b834754638c54026b, https://www.notion.so/Online-Dynamic-Graph-Drawing-ae22e4cc10ec451bb95c2ba6cfc35499","https://doi.org/10.1109/TVCG.2008.11,https://doi.org/10.1007/978-3-030-68766-3_36,https://doi.org/10.1140/epjds/s13688-014-0027-8,https://doi.org/10.1111/cgf.12882,https://doi.org/10.1111/cgf.14615",No,No
airlines/migration/air traffic,Data collected from the Edge-Path bundling paper by Markus Wallinger et al. They cite the Airlines dataset to Force Directed Edge Bundling for Graph Visualization and the migrations dataset to Geometry-Based Edge Clustering for Graph Visualization.,"https://www.notion.so/Force-Directed-Edge-Bundling-for-Graph-Visualization-597d0c38c51e433090a7706cdc9bd6a3, https://www.notion.so/Geometry-Based-Edge-Clustering-for-Graph-Visualization-72e7c5d193e34645a3cbca78df6fd1c8, https://www.notion.so/Edge-Path-Bundling-A-Less-Ambiguous-Edge-Bundling-Approach-be7daf7cd0ce4a73b1ad00bb25af472c",https://github.com/mwallinger-tu/edge-path-bundling/tree/master/data,,,8,,Yes,Yes,7,"Bundled edges (generated), Directed Edges, Generic, Spatial","https://www.notion.so/Skeleton-Based-Edge-Bundling-for-Graph-Visualization-6dd78ad2473945c99d670dea9546af1c, https://www.notion.so/Force-directed-edge-bundling-for-graph-visualization-1a6dc388a0f4443ca2d3693f8bff3f74, https://www.notion.so/MobilityGraphs-Visual-Analysis-of-Mass-Mobility-Dynamics-via-Spatio-Temporal-Graphs-and-Clustering-03cbcaf73d9b4c0784e8e44b38185eb6, https://www.notion.so/Geometry-Based-Edge-Clustering-for-Graph-Visualization-4266d74d6ae1420a970d2b1a74a38fc7, https://www.notion.so/MLSEB-Edge-Bundling-Using-Moving-Least-Squares-Approximation-bf3edb74a4cd4476838fdcc3d531f9b5, https://www.notion.so/HOTVis-Higher-Order-Time-Aware-Visualisation-of-Dynamic-Graphs-bd698d90a24a4b8e9527007489d139b5, https://www.notion.so/Edge-Path-Bundling-A-Less-Ambiguous-Edge-Bundling-Approach-fcfa5882e692481298cbee906e005c30, https://www.notion.so/Interactive-Structure-aware-Blending-of-Diverse-Edge-Bundling-Visualizations-4fbfba72a5b046f8baf7211508790373, https://www.notion.so/Faster-Edge-Path-Bundling-through-Graph-Spanners-64dc9f75adc942ffb7dd7259a8357cf8",No,Aggregate collection,No,,JSON file but with spcific attributes for their tool so needs to be parsed,3,"Skeleton-Based Edge Bundling for Graph Visualization, Force-directed edge bundling for graph visualization, MobilityGraphs: Visual Analysis of Mass Mobility Dynamics via Spatio-Temporal Graphs and Clustering, Geometry-Based Edge Clustering for Graph Visualization, MLSEB: Edge Bundling Using Moving Least
Squares Approximation, HOTVis: Higher-Order Time-Aware
Visualisation of Dynamic Graphs, Edge-Path Bundling: A Less Ambiguous Edge Bundling Approach, Interactive Structure-aware Blending of Diverse Edge Bundling Visualizations, Faster Edge-Path Bundling through Graph Spanners",Yes,No,"Force-Directed Edge Bundling for Graph Visualization, Geometry-Based Edge Clustering for Graph Visualization, Edge-Path Bundling: A Less Ambiguous Edge Bundling Approach",45ffa6caedd141b082e163d7da6eb895,"https://doi.org/10.1109/TVCG.2011.233,https://doi.org/10.1111/j.1467-8659.2009.01450.x,https://doi.org/10.1109/TVCG.2015.2468111,https://doi.org/10.1109/TVCG.2008.135,https://doi.org/10.1007/978-3-319-73915-1_30,https://doi.org/10.1007/978-3-030-68766-3_8,https://doi.org/10.1109/TVCG.2021.3114795,10.1109/TVCG.2019.2934805,https://doi.org/10.1111/cgf.14789","https://www.notion.so/Force-directed-edge-bundling-for-graph-visualization-09ec16bfe40d4fbea880bfc4e640bbfa, https://www.notion.so/MLSEB-Edge-Bundling-Using-Moving-Least-Squares-Approximation-474c60d6caff41a3a09b5ba2f1f513d8, https://www.notion.so/HOTVis-Higher-Order-Time-Aware-Visualisation-of-Dynamic-Graphs-4ce353bf13094484988b5f8bb306c8d8, https://www.notion.so/MobilityGraphs-Visual-Analysis-of-Mass-Mobility-Dynamics-via-Spatio-Temporal-Graphs-and-Clustering-69e89e0d31134f8997cdaaa266e4ba9c, https://www.notion.so/Edge-Path-Bundling-A-Less-Ambiguous-Edge-Bundling-Approach-932f56be1ec24c50a2c3fc65a37ed172, https://www.notion.so/Geometry-Based-Edge-Clustering-for-Graph-Visualization-c3e8767d7784426f815b386900c6cee9, https://www.notion.so/Skeleton-Based-Edge-Bundling-for-Graph-Visualization-f62005dde2124553a06f4f0883976ca9","https://doi.org/10.1109/TVCG.2011.233,https://doi.org/10.1111/j.1467-8659.2009.01450.x,https://doi.org/10.1109/TVCG.2015.2468111,https://doi.org/10.1109/TVCG.2008.135,https://doi.org/10.1007/978-3-319-73915-1_30,https://doi.org/10.1007/978-3-030-68766-3_8,https://doi.org/10.1109/TVCG.2021.3114795,10.1109/TVCG.2019.2934805,https://doi.org/10.1111/cgf.14789",No,No
Tobler's flow mapper,,,,,,1,,No,No,2,,https://www.notion.so/Flow-Map-Layout-via-Spiral-Trees-49a6b38039174e2bb6706ddb2252c18e,No,,No,,,,Flow Map Layout via Spiral Trees,No,No,,5b849ca858de45f192db4b8bd4f44c65,https://doi.org/10.1109/tvcg.2011.202,https://www.notion.so/Flow-Map-Layout-via-Spiral-Trees-93bf65d7c22f4f2ab5585700ca7d1e5e,https://doi.org/10.1109/tvcg.2011.202,No,No
internet mapping project,,,http://www.cheswick.com/ches/map/,,,1,,No,No,3,,https://www.notion.so/Topological-fisheye-views-for-visualizing-large-graphs-94f9c1efaeed4304bd4c6686d2962159,No,,No,,,,Topological fisheye views for visualizing large graphs,No,No,,fe59286f353d4841a2a328fdd6160b2f,https://doi.org/10.1109/TVCG.2005.66,https://www.notion.so/Topological-fisheye-views-for-visualizing-large-graphs-e2f5c279f5514a6da3a0241c978f564d,https://doi.org/10.1109/TVCG.2005.66,No,Yes
car features,,,,,,1,,No,No,3,,https://www.notion.so/DICON-Interactive-Visual-Analysis-of-Multidimensional-Clusters-c9dc02a2f0ed4cdf938e610c3945e465,No,,No,,,,DICON: Interactive Visual Analysis of Multidimensional Clusters,No,No,,3365100498bc4a1eb77bcadcace2b2fa,https://doi.org/10.1109/TVCG.2011.188,https://www.notion.so/DICON-Interactive-Visual-Analysis-of-Multidimensional-Clusters-641ae65985524ca5abb9c9a90eb361a2,https://doi.org/10.1109/TVCG.2011.188,No,No
medical patient records,,,,,,1,,No,No,3,,https://www.notion.so/DICON-Interactive-Visual-Analysis-of-Multidimensional-Clusters-c9dc02a2f0ed4cdf938e610c3945e465,No,,No,,,,DICON: Interactive Visual Analysis of Multidimensional Clusters,No,No,,9bb4f4fc1e8242b2905eb286a0e00143,https://doi.org/10.1109/TVCG.2011.188,https://www.notion.so/DICON-Interactive-Visual-Analysis-of-Multidimensional-Clusters-641ae65985524ca5abb9c9a90eb361a2,https://doi.org/10.1109/TVCG.2011.188,No,No
Autonomous System Network,,"https://www.notion.so/Preserving-Minority-Structures-in-Graph-Sampling-d0f9e612663d434e85599c402c9b700c, https://www.notion.so/CPAN-explorer-an-interactive-exploration-of-the-Perl-Ecosystem-0d1d0132440c438798a1880a6e200d8d","https://www.routeviews.org/routeviews/
https://github.com/csuvis/MCGS/blob/master/dataset/AS-733_edge.csv",,"We provide the adjency information graph from Preserving Minority Structures in Graph Sampling. We also redirect to the link containing the original project, https://www.routeviews.org/routeviews/",1,,Yes,Yes,1,,https://www.notion.so/Preserving-Minority-Structures-in-Graph-Sampling-2d52160d6ac04019aaf808496f7d4240,No,,No,,,,Preserving Minority Structures in Graph Sampling,No,No,"Preserving Minority Structures in Graph Sampling, CPAN-explorer, an interactive exploration of the Perl Ecosystem",96d24eb9c7f94ab6a6b38e6a3af816ae,https://doi.org/10.1109/TVCG.2020.3030428,https://www.notion.so/Preserving-Minority-Structures-in-Graph-Sampling-cf062d6fa8f5484ab1190edd125f739f,https://doi.org/10.1109/TVCG.2020.3030428,No,No
Padia stories,,,,,,2,,No,No,4,,"https://www.notion.so/Yarn-generating-storyline-visualizations-using-HTN-planning-c2613f33ff704f2eb5092e8db9ab9c28, https://www.notion.so/A-system-for-generating-storyline-visualizations-using-hierarchical-task-network-planning-2223a30b41a04953890d0d91ecb036c7",No,,No,,,,"Yarn: generating storyline visualizations using HTN planning, A system for generating storyline visualizations using hierarchical task network planning",No,No,,c02a38b9ea5e40bfb682ae77e2ac23af,"https://doi.org/10.20380/GI2018.05,http://dx.doi.org/10.1016/j.cag.2018.11.004","https://www.notion.so/Yarn-generating-storyline-visualizations-using-HTN-planning-76a49c2b1f2541628c6971986bceb008, https://www.notion.so/A-system-for-generating-storyline-visualizations-using-hierarchical-task-network-planning-ec16ce5ae8bd43db972e2f77ae829ce3","https://doi.org/10.20380/GI2018.05,http://dx.doi.org/10.1016/j.cag.2018.11.004",No,Yes
Investment interdependence,,,,,,1,,No,No,3,,https://www.notion.so/Methods-for-Visual-Understanding-of-Hierarchical-System-Structures-8a4e07b400c5404f977451abad2f296d,No,,No,,,,Methods for Visual Understanding of Hierarchical System Structures,No,No,,141028dac1c34b6dbb69710ea5c7ee10,https://doi.org/10.1109/TSMC.1981.4308636,https://www.notion.so/Methods-for-Visual-Understanding-of-Hierarchical-System-Structures-a2e509205d5b43bdb34e3546524290f1,https://doi.org/10.1109/TSMC.1981.4308636,No,No
protein interactions,,,,,,2,,No,No,6,,"https://www.notion.so/Rapid-Graph-Layout-Using-Space-Filling-Curves-10601cd6078a4ea18b17c7d40eda0041, https://www.notion.so/TimeArcs-Visualizing-Fluctuations-in-Dynamic-Networks-9d27b7e02aec4b80bc15447255eb4f4c",No,,No,,,,"Rapid Graph Layout Using Space Filling Curves, TimeArcs: Visualizing Fluctuations in Dynamic Networks",No,No,,fb5bc3bb0c5d40468da36d279a114a78,"https://doi.org/10.1109/TVCG.2008.158,https://doi.org/10.1111/cgf.12882","https://www.notion.so/Rapid-Graph-Layout-Using-Space-Filling-Curves-847c46047b5c400bb9dcf339c8d42f12, https://www.notion.so/TimeArcs-Visualizing-Fluctuations-in-Dynamic-Networks-968889d3ca4a4109aca698513515e837","https://doi.org/10.1109/TVCG.2008.158,https://doi.org/10.1111/cgf.12882",No,No
California,,,,,,1,,No,No,3,,"https://www.notion.so/A-Treemap-Based-Method-for-Rapid-Layout-of-Large-Graphs-f96d2a808a5f4df2a781d9a890e2b266, https://www.notion.so/Rapid-Graph-Layout-Using-Space-Filling-Curves-10601cd6078a4ea18b17c7d40eda0041",No,,No,,,,"A Treemap Based Method for Rapid Layout of Large Graphs, Rapid Graph Layout Using Space Filling Curves",No,No,,e0a841bc57c045b5a8514110cfe85635,"https://doi.org/10.1109/PACIFICVIS.2008.4475481,https://doi.org/10.1109/TVCG.2008.158","https://www.notion.so/A-Treemap-Based-Method-for-Rapid-Layout-of-Large-Graphs-7d9e14d48d9e452da4fcf8b64b007ea5, https://www.notion.so/Rapid-Graph-Layout-Using-Space-Filling-Curves-847c46047b5c400bb9dcf339c8d42f12","https://doi.org/10.1109/PACIFICVIS.2008.4475481,https://doi.org/10.1109/TVCG.2008.158",No,No
transportation network,,,,,,9,,No,No,17,,"https://www.notion.so/A-Treemap-Based-Method-for-Rapid-Layout-of-Large-Graphs-f96d2a808a5f4df2a781d9a890e2b266, https://www.notion.so/Rapid-Graph-Layout-Using-Space-Filling-Curves-10601cd6078a4ea18b17c7d40eda0041, https://www.notion.so/KelpFusion-A-Hybrid-Set-Visualization-Technique-31a567279ecc4c3980caf078144017db, https://www.notion.so/Drawing-and-Labeling-High-Quality-Metro-Maps-by-Mixed-Integer-Programming-96459aa8ab3641978c6a93e1bd4447a2, https://www.notion.so/TrajGraph-A-Graph-Based-Visual-Analytics-Approach-to-Studying-Urban-Network-Centralities-Using-Taxi-a8a60bf2c8d34198b967636b64e97be6, https://www.notion.so/Visualizing-the-evolution-of-compound-digraphs-with-TimeArcTrees-e3c6f596c3644af2a9be28dd3f7d57c5, https://www.notion.so/Using-Graph-Layout-to-Visualize-Train-Interconnection-Data-d1e747efa23d469496dc7e73249d49d9, https://www.notion.so/Route-Aware-Edge-Bundling-for-Visualizing-Origin-Destination-Trails-in-Urban-Traffic-63f378f25262476cbf983d569ca1af95, https://www.notion.so/A-Random-Sampling-O-n-Force-calculation-Algorithm-for-Graph-Layouts-86599a831f314d1cb8871a5a92420d0f, https://www.notion.so/Augmenting-Node-Link-Diagrams-with-Topographic-Attribute-Maps-5995a73c463c49db8ee966cc9db41ec5, https://www.notion.so/Metro-Maps-on-Octilinear-Grid-Graphs-a8834ec2af3f40aab051ef1bfb5ddb1a, https://www.notion.so/Graph-Drawing-by-Stochastic-Gradient-Descent-c829549f150044628d68b79584273c19, https://www.notion.so/Structure-aware-Fisheye-Views-for-Efficient-Large-Graph-Exploration-690c77bbfc7647c098c21827e4491457, https://www.notion.so/Revisiting-Stress-Majorization-as-a-Unified-Framework-for-Interactive-Constrained-Graph-Visualizatio-0765ea891e9e403593025430656f35f3",No,,No,,,,"A Treemap Based Method for Rapid Layout of Large Graphs, Rapid Graph Layout Using Space Filling Curves, KelpFusion: A Hybrid Set Visualization Technique, Drawing and Labeling High-Quality Metro Maps by Mixed-Integer Programming, TrajGraph: A Graph-Based Visual Analytics Approach to Studying Urban Network Centralities Using Taxi Trajectory Data, Visualizing the evolution of compound digraphs with TimeArcTrees, Using Graph Layout to Visualize Train Interconnection Data, Route-Aware Edge Bundling for Visualizing Origin-Destination Trails in Urban Traffic, A Random Sampling O(n) Force-calculation Algorithm for Graph Layouts, Augmenting Node-Link Diagrams with Topographic Attribute Maps, Metro Maps on Octilinear Grid Graphs, Graph Drawing by Stochastic Gradient Descent, Structure-aware Fisheye Views for Efficient Large Graph Exploration, Revisiting Stress Majorization as a Unified Framework for Interactive Constrained Graph Visualization",No,No,,720a658bb1914b51910c480d86943e80,"https://doi.org/10.1109/PACIFICVIS.2008.4475481,https://doi.org/10.1109/TVCG.2008.158,https://doi.org/10.1109/TVCG.2013.76,https://doi.org/10.1109/TVCG.2010.81,https://doi.org/10.1109/TVCG.2015.2467771,https://doi.org/10.1111/j.1467-8659.2009.01451.x,https://doi.org/10.1007/3-540-37623-2_4,https://doi.org/10.1111/cgf.13712,https://doi.org/10.1111/cgf.13724,https://doi.org/10.1111/cgf.13987,https://doi.org/10.1111/cgf.13986,10.1109/TVCG.2018.2859997,10.1109/TVCG.2018.2864911,10.1109/TVCG.2017.2745919","https://www.notion.so/KelpFusion-A-Hybrid-Set-Visualization-Technique-145828a44b7a437eb633075383f7cede, https://www.notion.so/TrajGraph-A-Graph-Based-Visual-Analytics-Approach-to-Studying-Urban-Network-Centralities-Using-Taxi-21e339918ee44f5da7703535881936f8, https://www.notion.so/Visualizing-the-evolution-of-compound-digraphs-with-TimeArcTrees-2431c9f6f9c5440589c57f9a723b3ac4, https://www.notion.so/Drawing-and-Labeling-High-Quality-Metro-Maps-by-Mixed-Integer-Programming-5a4b255a5dbd4f18a7f88d70212a2eff, https://www.notion.so/A-Treemap-Based-Method-for-Rapid-Layout-of-Large-Graphs-7d9e14d48d9e452da4fcf8b64b007ea5, https://www.notion.so/Rapid-Graph-Layout-Using-Space-Filling-Curves-847c46047b5c400bb9dcf339c8d42f12, https://www.notion.so/Using-Graph-Layout-to-Visualize-Train-Interconnection-Data-b96db45ca8e94e75bf9a65ee15658ebf","https://doi.org/10.1109/PACIFICVIS.2008.4475481,https://doi.org/10.1109/TVCG.2008.158,https://doi.org/10.1109/TVCG.2013.76,https://doi.org/10.1109/TVCG.2010.81,https://doi.org/10.1109/TVCG.2015.2467771,https://doi.org/10.1111/j.1467-8659.2009.01451.x,https://doi.org/10.1007/3-540-37623-2_4,https://doi.org/10.1111/cgf.13712,https://doi.org/10.1111/cgf.13724,https://doi.org/10.1111/cgf.13987,https://doi.org/10.1111/cgf.13986,10.1109/TVCG.2018.2859997,10.1109/TVCG.2018.2864911,10.1109/TVCG.2017.2745919",No,No
social network,,,,,,7,,No,No,11,,"https://www.notion.so/Untangling-the-Hairballs-of-Multi-Centered-Small-World-Online-Social-Media-Networks-690af12a963849cd80c0285d27221086, https://www.notion.so/Preserving-Minority-Structures-in-Graph-Sampling-2d52160d6ac04019aaf808496f7d4240, https://www.notion.so/Drawing-Dynamic-Graphs-Without-Timeslices-4da7155eac4b4979ae165f3b0f1d2b1b, https://www.notion.so/Anisotropic-Radial-Layout-for-Visualizing-Centrality-and-Structure-in-Graphs-c964c73e1c2946f992cb72bac2b19c42, https://www.notion.so/Network-Alignment-by-Discrete-Ollivier-Ricci-Flow-f49d058c38ad42c59c2baec961170d7c, https://www.notion.so/The-Turing-Test-for-Graph-Drawing-Algorithms-9927a9580ae74b49a468a8c2816334da, https://www.notion.so/An-Experimental-Comparison-of-Fast-Algorithms-for-Drawing-General-Large-Graphs-190e5036cf974a879b50614cfff525f1, https://www.notion.so/Automatic-Polygon-Layout-for-Primal-Dual-Visualization-of-Hypergraphs-78257e61a97c4b9ca0eb0a128ce89101, https://www.notion.so/SetCoLa-High-Level-Constraints-for-Graph-Layout-e1af8f01247d49b7bc7ac0562e1919cf, https://www.notion.so/A-Random-Sampling-O-n-Force-calculation-Algorithm-for-Graph-Layouts-86599a831f314d1cb8871a5a92420d0f, https://www.notion.so/Structure-aware-Fisheye-Views-for-Efficient-Large-Graph-Exploration-690c77bbfc7647c098c21827e4491457, https://www.notion.so/Revisiting-Stress-Majorization-as-a-Unified-Framework-for-Interactive-Constrained-Graph-Visualizatio-0765ea891e9e403593025430656f35f3",No,Aggregate collection,No,,,,"Untangling the Hairballs of Multi-Centered Small-World Online Social Media Networks, Preserving Minority Structures in Graph Sampling, Drawing Dynamic Graphs Without Timeslices, Anisotropic Radial Layout for Visualizing Centrality and Structure in Graphs, Network Alignment by Discrete Ollivier-Ricci Flow, The Turing Test for Graph Drawing Algorithms, An Experimental Comparison of Fast Algorithms for Drawing General Large Graphs, Automatic Polygon Layout for Primal-Dual Visualization of Hypergraphs, SetCoLa: High-Level Constraints for Graph Layout, A Random Sampling O(n) Force-calculation Algorithm for Graph Layouts, Structure-aware Fisheye Views for Efficient Large Graph Exploration, Revisiting Stress Majorization as a Unified Framework for Interactive Constrained Graph Visualization",No,No,,90888b3285d042d49072985b05f95203,"https://doi.org/10.7155/jgaa.00370,https://doi.org/10.1109/TVCG.2020.3030428,https://doi.org/10.1007/978-3-319-73915-1_31,https://doi.org/10.1007/978-3-319-73915-1_28,https://doi.org/10.1007/978-3-030-04414-5_32,https://doi.org/10.1007/978-3-030-68766-3_36,https://doi.org/10.1007/11618058_22,https://doi.org/10.1109/tvcg.2021.3114759,https://doi.org/10.1111/cgf.13440,https://doi.org/10.1111/cgf.13724,10.1109/TVCG.2018.2864911,10.1109/TVCG.2017.2745919","https://www.notion.so/Automatic-Polygon-Layout-for-Primal-Dual-Visualization-of-Hypergraphs-09ec6b5a17ae4f5eb6aebedf0dde6467, https://www.notion.so/Drawing-Dynamic-Graphs-Without-Timeslices-15310bfa5a2f4015b7a4ae0098e6c151, https://www.notion.so/The-Turing-Test-for-Graph-Drawing-Algorithms-2a183bdf85bf4ab0acb311d5b9615440, https://www.notion.so/Untangling-the-Hairballs-of-Multi-Centered-Small-World-Online-Social-Media-Networks-8d6315c26f82480cb56a0256ef7ec569, https://www.notion.so/Network-Alignment-by-Discrete-Ollivier-Ricci-Flow-b9a362d8006a44cf97a1fcbfec24ea57, https://www.notion.so/An-Experimental-Comparison-of-Fast-Algorithms-for-Drawing-General-Large-Graphs-bbb7bb7d51d84d109030dee3c06d895d, https://www.notion.so/Anisotropic-Radial-Layout-for-Visualizing-Centrality-and-Structure-in-Graphs-c604b563b3594a69b6c8e57b5ce9f02f, https://www.notion.so/Preserving-Minority-Structures-in-Graph-Sampling-cf062d6fa8f5484ab1190edd125f739f","https://doi.org/10.7155/jgaa.00370,https://doi.org/10.1109/TVCG.2020.3030428,https://doi.org/10.1007/978-3-319-73915-1_31,https://doi.org/10.1007/978-3-319-73915-1_28,https://doi.org/10.1007/978-3-030-04414-5_32,https://doi.org/10.1007/978-3-030-68766-3_36,https://doi.org/10.1007/11618058_22,https://doi.org/10.1109/tvcg.2021.3114759,https://doi.org/10.1111/cgf.13440,https://doi.org/10.1111/cgf.13724,10.1109/TVCG.2018.2864911,10.1109/TVCG.2017.2745919",No,No
Trade data,,,,,,2,,No,No,3,,"https://www.notion.so/Energy-Models-for-Graph-Clustering-b2b82813b6124d1fbd17b1e84e8043fe, https://www.notion.so/Untangling-the-Hairballs-of-Multi-Centered-Small-World-Online-Social-Media-Networks-690af12a963849cd80c0285d27221086",No,,No,,,,"Energy Models for Graph Clustering, Untangling the Hairballs of Multi-Centered Small-World Online Social Media Networks",No,No,,e6e54a00bc574c639cfa165458c71232,"https://doi.org/10.1007/978-3-540-24595-7_40,https://doi.org/10.7155/jgaa.00370","https://www.notion.so/Energy-Models-for-Graph-Clustering-650b53a4f2f8488f9e5eab77f118aefe, https://www.notion.so/Untangling-the-Hairballs-of-Multi-Centered-Small-World-Online-Social-Media-Networks-8d6315c26f82480cb56a0256ef7ec569","https://doi.org/10.1007/978-3-540-24595-7_40,https://doi.org/10.7155/jgaa.00370",No,No
Pajek,,,http://vlado.fmf.uni-lj.si/pub/networks/data/,"43 Graphs on the `Where to find link`, 76 on the SuiteSpase MAtrix Collection",There is another link to data not mentioned in their repo. (Also part of SuiteSpase Matrix Collection),2,https://www.notion.so/SuiteSparse-Matrix-Collection-b8772d6a2cbb456894b4673e32c6f956,Yes,No,2,,"https://www.notion.so/Energy-Models-for-Graph-Clustering-b2b82813b6124d1fbd17b1e84e8043fe, https://www.notion.so/A-Quality-Metric-for-Visualization-of-Clusters-in-Graphs-a1c61d2b87b4457ca462ce04f80b4720",No,Large Collection (No report),No,,,,"Energy Models for Graph Clustering, A Quality Metric for Visualization of Clusters in Graphs",No,No,,e323e05a735d4151a0bccfec08aa3bd6,"https://doi.org/10.1007/978-3-540-24595-7_40,https://doi.org/10.1007/978-3-030-35802-0_10","https://www.notion.so/A-Quality-Metric-for-Visualization-of-Clusters-in-Graphs-4f55f6f5086243d4bcda73e4aa3e2454, https://www.notion.so/Energy-Models-for-Graph-Clustering-650b53a4f2f8488f9e5eab77f118aefe","https://doi.org/10.1007/978-3-540-24595-7_40,https://doi.org/10.1007/978-3-030-35802-0_10",No,No
"Matrix market & co unspecified ",,,,,,1,,No,No,2,,https://www.notion.so/BaryLayout-A-Simple-Algorithm-for-Fast-Drawing-Large-Graphs-b1a22eeaee6a4017b13e34920d0f83e9,No,,No,,,,BaryLayout: A Simple Algorithm for Fast Drawing Large Graphs,No,No,,c271c685e514459681a39fca15234c3c,http://dx.doi.org/10.1109/CISE.2010.5677225,https://www.notion.so/BaryLayout-A-Simple-Algorithm-for-Fast-Drawing-Large-Graphs-0eb82ecd24c54c6094652f2c9548b8ef,http://dx.doi.org/10.1109/CISE.2010.5677225,No,No
Assorted fiscal network,,https://www.notion.so/A-visual-analytics-system-to-support-tax-evasion-discovery-79c482a3ec0f4f329e5af94f2c4def4f,cannot find,,,1,,No,No,3,,https://www.notion.so/ChordLink-A-New-Hybrid-Visualization-Model0-dd9d1e548bfa46949279e4ecbfeb18b6,No,Aggregate collection,No,,,,ChordLink: A New Hybrid Visualization Model0,No,No,A visual analytics system to support tax evasion discovery,6610534d6d3b48c5a119b04659153258,https://doi.org/10.1007/978-3-030-35802-0_22,https://www.notion.so/ChordLink-A-New-Hybrid-Visualization-Model-9f4abf15618f462c962e68d2974043c9,https://doi.org/10.1007/978-3-030-35802-0_22,No,No
Assorted collaboration network,"VIS Pub Data: Can find in https://sites.google.com/site/vispubdata, where an updated version of the google spreadsheet data is available. We downloaded the text file from CiteVis since it comes formatted more closely to a network, and the 1995-2015 version of the data has appeared frequently","https://www.notion.so/vispubdata-org-A-Metadata-Collection-about-IEEE-Visualization-VIS-Publications-3fddec5436dc45539a82b0274ac17020, https://www.notion.so/CPAN-explorer-an-interactive-exploration-of-the-Perl-Ecosystem-0d1d0132440c438798a1880a6e200d8d, https://www.notion.so/Preserving-Minority-Structures-in-Graph-Sampling-d0f9e612663d434e85599c402c9b700c","https://www.cc.gatech.edu/gvu/ii/citevis/
https://sites.google.com/site/vispubdata/home?authuser=0
 https://dblp.uni-trier.de/
https://github.com/csuvis/MCGS/tree/master/dataset",,"Contains IEEEVis Publication Data, DBLP collaborations, and 
",12,,Yes,Yes,15,"Categorical Nodes, Directed Edges, Dynamic","https://www.notion.so/ChordLink-A-New-Hybrid-Visualization-Model0-dd9d1e548bfa46949279e4ecbfeb18b6, https://www.notion.so/Content-based-text-mapping-using-multi-dimensional-projections-for-exploration-of-document-collectio-f138d261ae1249b1bc677e59384d0b47, https://www.notion.so/Software-evolution-storylines-ff8261ac4a6d498faa6fe14773b58369, https://www.notion.so/GraphDiaries-Animated-Transitions-and-Temporal-Navigation-for-Dynamic-Networks-1db1c63ef3e3417ebc7867fcf72c3813, https://www.notion.so/Drawing-Dynamic-Graphs-Without-Timeslices-4da7155eac4b4979ae165f3b0f1d2b1b, https://www.notion.so/NodeTrix-a-Hybrid-Visualization-of-Social-Networks-5f8162fa50f3449b89d20b25e9f2cfef, https://www.notion.so/Storyline-Visualizations-with-Ubiquitous-Actors-fed14c376f3b4eb095022422ba483a32, https://www.notion.so/TimeArcs-Visualizing-Fluctuations-in-Dynamic-Networks-9d27b7e02aec4b80bc15447255eb4f4c, https://www.notion.so/Automatic-Polygon-Layout-for-Primal-Dual-Visualization-of-Hypergraphs-78257e61a97c4b9ca0eb0a128ce89101, https://www.notion.so/Six-methods-for-transforming-layered-hypergraphs-to-apply-layered-graph-layout-algorithms-53032e4c32f243108e20bcee60d50c11, https://www.notion.so/A-Maxent-Stress-Model-for-Graph-Layout-00c097ef77dd46d6a2df74869581a5c9, https://www.notion.so/Preserving-Minority-Structures-in-Graph-Sampling-2d52160d6ac04019aaf808496f7d4240, https://www.notion.so/Fast-filtering-and-animation-of-large-dynamic-networks-04f8b4c82871465fb46f8ad2a01d6815, https://www.notion.so/Optimizing-Stepwise-Animation-in-Dynamic-Set-Diagrams-b8b9576da7364282aeaeaf9337de8863, https://www.notion.so/A-Random-Sampling-O-n-Force-calculation-Algorithm-for-Graph-Layouts-86599a831f314d1cb8871a5a92420d0f, https://www.notion.so/Event-based-Dynamic-Graph-Drawing-without-the-Agonizing-Pain-e67037f1481b48fab8cbd0c2802fcbe5, https://www.notion.so/Parallel-Edge-Splatting-for-Scalable-Dynamic-Graph-Visualization-8fed21af91cf4c4aaf6a05ccb0335d43, https://www.notion.so/ContexTour-Contextual-Contour-Visual-Analysis-on-Dynamic-Multi-Relational-Clustering-3c45c490d66242a58cd9953fefe6c1ab",No,Aggregate collection,No,,"Vis Pub Data text file: year range at top (1995 - 2015)
then each entry is a paper

article
{node ID}
{doi}
{some number}
{paper title}
{attr: val} <- then some collection of attiribute value pairs (like author, keyword…)
citations:
{list of line separated citations (to articles within the document) via nodeID}
",,"ChordLink: A New Hybrid Visualization Model0, Content-based text mapping using multi-dimensional projections for exploration of document collections, Software evolution storylines, GraphDiaries: Animated Transitions and Temporal Navigation for Dynamic Networks, Drawing Dynamic Graphs Without Timeslices, NodeTrix: a Hybrid Visualization of Social Networks, Storyline Visualizations with Ubiquitous Actors, TimeArcs: Visualizing Fluctuations in Dynamic Networks, Automatic Polygon Layout for Primal-Dual Visualization of Hypergraphs, Six methods for transforming layered hypergraphs to apply layered graph layout algorithms, A Maxent-Stress Model for Graph Layout, Preserving Minority Structures in Graph Sampling, Fast filtering and animation of large dynamic
networks, Optimizing Stepwise Animation in Dynamic Set Diagrams, A Random Sampling O(n) Force-calculation Algorithm for Graph Layouts, Event-based Dynamic Graph Drawing without the Agonizing Pain, Parallel Edge Splatting for Scalable Dynamic Graph Visualization, ContexTour: Contextual Contour Visual Analysis on Dynamic Multi-
Relational Clustering",No,No,"vispubdata.org: A Metadata Collection about IEEE Visualization VIS Publications, CPAN-explorer, an interactive exploration of the Perl Ecosystem, Preserving Minority Structures in Graph Sampling",6062ff126f474a50b5f3dc9b945d43da,"https://doi.org/10.1007/978-3-030-35802-0_22,https://doi.org/10.1117/12.650880,https://doi.org/10.1145/1879211.1879219,https://doi.org/10.1109/TVCG.2013.254,https://doi.org/10.1007/978-3-319-73915-1_31,https://doi.org/10.1109/TVCG.2007.70582,https://doi.org/10.1007/978-3-030-68766-3_25,https://doi.org/10.1111/cgf.12882,https://doi.org/10.1109/tvcg.2021.3114759,https://doi.org/10.1111/cgf.14538,https://doi.org/10.1109/TVCG.2012.299,https://doi.org/10.1109/TVCG.2020.3030428,https://doi.org/10.1140/epjds/s13688-014-0027-8,https://doi.org/10.1111/cgf.13668,https://doi.org/10.1111/cgf.13724,https://doi.org/10.1111/cgf.14615,https://doi.org/10.1109/TVCG.2011.226,http://dx.doi.org/10.1137/1.9781611972801.37","https://www.notion.so/Six-methods-for-transforming-layered-hypergraphs-to-apply-layered-graph-layout-algorithms-0911f648bad1486fa859c9bd0de82a6b, https://www.notion.so/Automatic-Polygon-Layout-for-Primal-Dual-Visualization-of-Hypergraphs-09ec6b5a17ae4f5eb6aebedf0dde6467, https://www.notion.so/Drawing-Dynamic-Graphs-Without-Timeslices-15310bfa5a2f4015b7a4ae0098e6c151, https://www.notion.so/Software-evolution-storylines-2d8caf914a9f407482d30a7b21cf66c2, https://www.notion.so/Content-based-text-mapping-using-multi-dimensional-projections-for-exploration-of-document-collectio-3e4cd1cd8bec41f1b819aec0330880a8, https://www.notion.so/GraphDiaries-Animated-Transitions-and-Temporal-Navigation-for-Dynamic-Networks-6c0bf6c194924eef9b824c7acb61174b, https://www.notion.so/Storyline-Visualizations-with-Ubiquitous-Actors-73d912634128468b9de9775a16ed543c, https://www.notion.so/A-Maxent-Stress-Model-for-Graph-Layout-8da4fc24a7c7438c9d10c3113841b7fd, https://www.notion.so/TimeArcs-Visualizing-Fluctuations-in-Dynamic-Networks-968889d3ca4a4109aca698513515e837, https://www.notion.so/ChordLink-A-New-Hybrid-Visualization-Model-9f4abf15618f462c962e68d2974043c9, https://www.notion.so/Fast-filtering-and-animation-of-large-dynamic-networks-a9ecbc1aa880473b834754638c54026b, https://www.notion.so/Preserving-Minority-Structures-in-Graph-Sampling-cf062d6fa8f5484ab1190edd125f739f, https://www.notion.so/NodeTrix-a-Hybrid-Visualization-of-Social-Networks-e3453e98221a45d99d1aae2a9ead9d14","https://doi.org/10.1007/978-3-030-35802-0_22,https://doi.org/10.1117/12.650880,https://doi.org/10.1145/1879211.1879219,https://doi.org/10.1109/TVCG.2013.254,https://doi.org/10.1007/978-3-319-73915-1_31,https://doi.org/10.1109/TVCG.2007.70582,https://doi.org/10.1007/978-3-030-68766-3_25,https://doi.org/10.1111/cgf.12882,https://doi.org/10.1109/tvcg.2021.3114759,https://doi.org/10.1111/cgf.14538,https://doi.org/10.1109/TVCG.2012.299,https://doi.org/10.1109/TVCG.2020.3030428,https://doi.org/10.1140/epjds/s13688-014-0027-8,https://doi.org/10.1111/cgf.13668,https://doi.org/10.1111/cgf.13724,https://doi.org/10.1111/cgf.14615,https://doi.org/10.1109/TVCG.2011.226,http://dx.doi.org/10.1137/1.9781611972801.37",Yes,No
Network repository,,,https://networkrepository.com/,,https://networkrepository.com/pubs/aaai15-nr.pdf ← paper about this,2,,No,No,2,,"https://www.notion.so/Drawing-Big-Graphs-Using-Spectral-Sparsification-e5d3efdca48541f2b1789ec74357ebf6, https://www.notion.so/A-Distributed-Multilevel-Force-Directed-Algorithm-0a5a2af21adb4edbbc41684e61b3db32",No,,No,,,,"Drawing Big Graphs Using Spectral
Sparsification, A Distributed Multilevel Force-Directed Algorithm",No,No,,8d5eb290b4274266986c4d4e98c7dc34,"https://doi.org/10.1007/978-3-319-73915-1_22,https://doi.org/10.1109/TPDS.2018.2869805","https://www.notion.so/Drawing-Big-Graphs-Using-Spectral-Sparsification-89da2043d0444f75a6c663b1fc999512, https://www.notion.so/A-Distributed-Multilevel-Force-Directed-Algorithm-9d7a1734402948ecba4995ca617489ff","https://doi.org/10.1007/978-3-319-73915-1_22,https://doi.org/10.1109/TPDS.2018.2869805",No,No
Hachul,,,,,,1,,No,No,2,,https://www.notion.so/Drawing-Big-Graphs-Using-Spectral-Sparsification-e5d3efdca48541f2b1789ec74357ebf6,No,,No,,,,"Drawing Big Graphs Using Spectral
Sparsification",No,No,,e1132008411b4e748f43418928c988ad,https://doi.org/10.1007/978-3-319-73915-1_22,https://www.notion.so/Drawing-Big-Graphs-Using-Spectral-Sparsification-89da2043d0444f75a6c663b1fc999512,https://doi.org/10.1007/978-3-319-73915-1_22,No,No
Graphviz examples,,,,,,3,https://www.notion.so/control-flow-graphs-af079f199a2c402d8633f6d41101934b,No,No,4,,"https://www.notion.so/Optimal-k-level-planarization-and-crossing-minimization-4b0f5887f98f4b95acccc354d6f9e518, https://www.notion.so/Node-Overlap-Removal-by-Growing-a-Tree-c69ee6ac8232493b9f8d26ed56235a6b, https://www.notion.so/FORBID-Fast-Overlap-Removal-by-Stochastic-GradIent-Descent-for-Graph-Drawing-b58c9e4a77174a48b0c023b62f66c6d7",No,,No,,,,"Optimal k-level planarization and crossing minimization, Node Overlap Removal by Growing a Tree, FORBID: Fast Overlap Removal by Stochastic GradIent Descent for Graph Drawing",No,No,,e90aec42f02c4e8b8a6b8727fe2f86ae,"https://doi.org/10.1007/978-3-642-18469-7_22,https://doi.org/10.7155/jgaa.00442,10.1007/978-3-031-22203-0_6”","https://www.notion.so/Node-Overlap-Removal-by-Growing-a-Tree-534753c850d64167892bde314403e2d6, https://www.notion.so/Optimal-k-level-planarization-and-crossing-minimization-97c176b0cca14663a27827f2f68f6478","https://doi.org/10.1007/978-3-642-18469-7_22,https://doi.org/10.7155/jgaa.00442,10.1007/978-3-031-22203-0_6”",No,No
Debates,,,,,,1,,No,No,3,,https://www.notion.so/NEREx-Named-Entity-Relationship-Exploration-in-Multi-Party-Conversations-0c839bcf912a474595a556b7791ff4c2,No,,No,,,,NEREx: Named-Entity Relationship Exploration in Multi-Party Conversations,No,No,,54eb2cd4ba2c48eb945bd49e5f4bbf4f,"https://doi.org/10.1111/cgf.13181
",,"https://doi.org/10.1111/cgf.13181
",No,No
Stanford GraphBase,,,https://www-cs-faculty.stanford.edu/~knuth/sgb.html,,Same as SNAP,5,,No,No,10,,"https://www.notion.so/Graph-Layouts-by-t-SNE-3af4ccbc89b547a38748745511744997, https://www.notion.so/Anisotropic-Radial-Layout-for-Visualizing-Centrality-and-Structure-in-Graphs-c964c73e1c2946f992cb72bac2b19c42, https://www.notion.so/Crossing-Minimization-in-Storyline-Visualization-adc579d114c9412e8dad9e068e18d960, https://www.notion.so/2-Layer-Straightline-Crossing-Minimization-9f4d9dc9520e495ba5a1ef31fdd34760, https://www.notion.so/Simple-and-Efficient-Bilayer-Cross-Counting-f879285ff264423cb974db4969614248, https://www.notion.so/A-Random-Sampling-O-n-Force-calculation-Algorithm-for-Graph-Layouts-86599a831f314d1cb8871a5a92420d0f",No,,No,,,,"Graph Layouts by t-SNE, Anisotropic Radial Layout for Visualizing Centrality and Structure in Graphs, Crossing Minimization in Storyline Visualization, 2-Layer Straightline Crossing Minimization, Simple and Efficient Bilayer Cross Counting, A Random Sampling O(n) Force-calculation Algorithm for Graph Layouts",No,Yes,,effff4b40e9d4a79b6f33825ccca7401,"https://doi.org/10.1111/cgf.13187,https://doi.org/10.1007/978-3-319-73915-1_28,https://doi.org/10.1007/978-3-319-50106-2_29,https://doi.org/10.7155/jgaa.00001,https://doi.org/10.1007/3-540-36151-0_13,https://doi.org/10.1111/cgf.13724","https://www.notion.so/Crossing-Minimization-in-Storyline-Visualization-2953ec267f7f468bb4b306faee452952, https://www.notion.so/Graph-Layouts-by-t-SNE-6adb46473eb2415294b0d797ad86b077, https://www.notion.so/Simple-and-Efficient-Bilayer-Cross-Counting-6f978d8b0ceb4a6eb7df52ed82999861, https://www.notion.so/2-Layer-Straightline-Crossing-Minimization-99889f8092bf47c7973040551b298d28, https://www.notion.so/Anisotropic-Radial-Layout-for-Visualizing-Centrality-and-Structure-in-Graphs-c604b563b3594a69b6c8e57b5ce9f02f","https://doi.org/10.1111/cgf.13187,https://doi.org/10.1007/978-3-319-73915-1_28,https://doi.org/10.1007/978-3-319-50106-2_29,https://doi.org/10.7155/jgaa.00001,https://doi.org/10.1007/3-540-36151-0_13,https://doi.org/10.1111/cgf.13724",No,No
Matrix Market,,,,,,3,,No,No,3,,"https://www.notion.so/Aesthetic-Discrimination-of-Graph-Layouts-25f75d8fd4b44bd99006e2316d28f6cd, https://www.notion.so/Drawing-graphs-by-eigenvectors-theory-and-practice-39ccd4aeec6448f8a58d51b986c9d097, https://www.notion.so/Eigensolver-methods-for-progressive-multidimensional-scaling-of-large-data-b4b33cff0cf94e8db1fd3dcdab73f9e4, https://www.notion.so/Graph-Drawing-by-Stress-Majorization-041a912bda5f47cfb88a71f980f4f8d9",No,,No,,,,"Aesthetic Discrimination of Graph Layouts, Drawing graphs by eigenvectors: theory and practice, Eigensolver methods for progressive multidimensional scaling of large data, Graph Drawing by Stress Majorization",No,No,,80bd4320417342458aefa031cf65db1f,"https://doi.org/10.1007/978-3-030-04414-5_12,https://doi.org/10.1016/j.camwa.2004.08.015,https://doi.org/10.5555/1758612.1758620,https://doi.org/10.1007/978-3-540-31843-9_25","https://www.notion.so/Drawing-graphs-by-eigenvectors-theory-and-practice-1b5e3919d8c94ad18f29f20c7480b07a, https://www.notion.so/Aesthetic-Discrimination-of-Graph-Layouts-98cc70abc7424e7895cf73e988563219, https://www.notion.so/Eigensolver-methods-for-progressive-multidimensional-scaling-of-large-data-b5ab815edb48469192605e5ad31329c0, https://www.notion.so/Graph-Drawing-by-Stress-Majorization-bb89493301a244b78710704ffd727140","https://doi.org/10.1007/978-3-030-04414-5_12,https://doi.org/10.1016/j.camwa.2004.08.015,https://doi.org/10.5555/1758612.1758620,https://doi.org/10.1007/978-3-540-31843-9_25",No,No
RandDAG,,,,,,1,,No,No,1,,https://www.notion.so/Aesthetic-Discrimination-of-Graph-Layouts-25f75d8fd4b44bd99006e2316d28f6cd,No,,No,,,,Aesthetic Discrimination of Graph Layouts,No,No,,54b6ed8fdecb4256b2cca6298f09965e,https://doi.org/10.1007/978-3-030-04414-5_12,https://www.notion.so/Aesthetic-Discrimination-of-Graph-Layouts-98cc70abc7424e7895cf73e988563219,https://doi.org/10.1007/978-3-030-04414-5_12,No,No
business processes,"Paper collects various graphs from a colleciton of sources. All links in the supplemental materials from original supplemental materials are broken. A few of these datasets are from interanltional business process intellignece challenges, and others are specific processes from compains in a certain domain (hospital, road traffic management, pay processes, etc.)",https://www.notion.so/A-Stable-Graph-Layout-Algorithm-for-Processes-35d585a25b63442b89c4977095ec923f,,13 graphs from 11 to 50 nodes and up to 772 edges,reached out to author — they mentioned their datasets were internal and could not share them,1,,No,No,3,,https://www.notion.so/A-stable-graph-layout-algorithm-for-processes-c1a2e3baaf814eb7b38e3f4e8a553471,No,,No,,,,A stable graph layout algorithm for processes,No,No,A Stable Graph Layout Algorithm for Processes,9d09430927704fcf8fdf1ee4e00cabbc,https://doi.org/10.1111/cgf.13723,,https://doi.org/10.1111/cgf.13723,No,Yes
Tree of Life,,https://www.notion.so/Visualizing-Evolving-Trees-82341c838e7846ce864e16da92f2742a,https://github.com/abureyanahmed/evolving_tree/blob/main/dataset/evolving_tol.txt,,,1,,Yes,Yes,2,Trees,https://www.notion.so/Visualizing-Evolving-Trees-3596f84acbbe46799f4f093af2f28aae,No,,No,,“node1” — “node2”,1,Visualizing Evolving Trees,Yes,No,Visualizing Evolving Trees,cb0493d6b6da4a73a979f06225983011,10.1007/978-3-031-22203-0_23,,10.1007/978-3-031-22203-0_23,No,No
Mathematics genealogy,,,https://genealogy.math.ndsu.nodak.edu/,291014 records as of May 2023 (possibly nodes),"(Circa 2016 the graph consisted of 200037 nodes with 3.8% percent of them being isolated, and 1962 components of size two). Largest component contained 180094 nodes.",1,,Yes,No,2,"nonplanar, temporal, tree-like",https://www.notion.so/Visualizing-Evolving-Trees-3596f84acbbe46799f4f093af2f28aae,No,,No,,,,Visualizing Evolving Trees,No,No,,081ba4645aac48c19719b16033c637f3,10.1007/978-3-031-22203-0_23,,10.1007/978-3-031-22203-0_23,No,No